group,label,run_dir,tag,benchmark,nfe_backbone,nfe_sampler,note,r1,r2,mauve,n,distinct2,bertscore,path
cadence,基线 sh（无 depth 无 MaskGIT）,benchgen_planner_prefix_owt2_pqsh,_final,wikipedia,22,0,,23.084444061973304,2.19553942124134,6.358520687011704,1000,0.7358660845584025,0.774411141872406,results/benchgen_planner_prefix_owt2_pqsh/gens_wikipedia_final.metrics.json
cadence,基线 sh（无 depth 无 MaskGIT）,benchgen_planner_prefix_owt2_pqsh,_final,wikisource,22,0,,28.46198395915251,2.6922031967845403,2.6649221203283653,1000,0.6651305375783927,0.7853591442108154,results/benchgen_planner_prefix_owt2_pqsh/gens_wikisource_final.metrics.json
cadence,基线 sh（无 depth 无 MaskGIT）,benchgen_planner_prefix_owt2_pqsh,_final,tinystories,22,0,,25.009861613921462,1.655330943060741,0.5358154717041905,1000,0.6541471432426466,0.8113250732421875,results/benchgen_planner_prefix_owt2_pqsh/gens_tinystories_final.metrics.json
cadence,基线 sh（无 depth 无 MaskGIT）,benchgen_planner_prefix_owt2_pqsh,_final,lm1b,22,0,,8.761870192759522,0.16817564518293646,0.5949998193244206,1000,0.8778502680705381,0.8139333128929138,results/benchgen_planner_prefix_owt2_pqsh/gens_lm1b_final.metrics.json
cadence,基线 ps（per-scale 码本）,benchgen_planner_prefix_owt2_pqps,_final,wikipedia,22,0,,22.861153676198295,2.210732992687877,4.215914562950383,1000,0.7432004654422847,0.7719261646270752,results/benchgen_planner_prefix_owt2_pqps/gens_wikipedia_final.metrics.json
cadence,基线 ps（per-scale 码本）,benchgen_planner_prefix_owt2_pqps,_final,wikisource,22,0,,28.863728924542855,2.7331660152592194,3.046752874575632,1000,0.6553377146406459,0.7849825620651245,results/benchgen_planner_prefix_owt2_pqps/gens_wikisource_final.metrics.json
cadence,基线 ps（per-scale 码本）,benchgen_planner_prefix_owt2_pqps,_final,tinystories,22,0,,25.978654898557817,1.8406874339143466,0.5449455640963142,1000,0.6218874960135417,0.8104338049888611,results/benchgen_planner_prefix_owt2_pqps/gens_tinystories_final.metrics.json
cadence,基线 ps（per-scale 码本）,benchgen_planner_prefix_owt2_pqps,_final,lm1b,22,0,,9.702637712263483,0.2530995108267142,0.5864695451603277,1000,0.8681609715134682,0.8155587315559387,results/benchgen_planner_prefix_owt2_pqps/gens_lm1b_final.metrics.json
cadence,+depth-AR（_finalDA）,benchgen_planner_prefix_owt2_pqsh_b2pl,_finalDA,wikipedia,22,0,,22.626781251481358,2.271206841104679,9.769844306439701,1000,0.7375099091338156,0.7738266587257385,results/benchgen_planner_prefix_owt2_pqsh_b2pl/gens_wikipedia_finalDA.metrics.json
cadence,+depth-AR（_finalDA）,benchgen_planner_prefix_owt2_pqsh_b2pl,_finalDA,wikisource,22,0,,28.637692397669134,3.0603244209683655,5.323473037159293,1000,0.6447434330481476,0.786811113357544,results/benchgen_planner_prefix_owt2_pqsh_b2pl/gens_wikisource_finalDA.metrics.json
cadence,+depth-AR（_finalDA）,benchgen_planner_prefix_owt2_pqsh_b2pl,_finalDA,tinystories,22,0,,26.11117353798861,2.11743691582775,0.5520642836262784,1000,0.5895174545543753,0.8138905167579651,results/benchgen_planner_prefix_owt2_pqsh_b2pl/gens_tinystories_finalDA.metrics.json
cadence,+depth-AR（_finalDA）,benchgen_planner_prefix_owt2_pqsh_b2pl,_finalDA,lm1b,22,0,,8.919501510125107,0.33215152466501796,0.6597818745594106,1000,0.8731994057231445,0.8146096467971802,results/benchgen_planner_prefix_owt2_pqsh_b2pl/gens_lm1b_finalDA.metrics.json
cadence,+MaskGIT 对齐微调+精化（_finalMG）,benchgen_planner_prefix_owt2_pqsh_b2mg3,_finalMG,wikipedia,64,0,,22.7563147802212,2.332871294262343,8.475649384272394,1000,0.7104270982697092,0.7747583985328674,results/benchgen_planner_prefix_owt2_pqsh_b2mg3/gens_wikipedia_finalMG.metrics.json
cadence,+MaskGIT 对齐微调+精化（_finalMG）,benchgen_planner_prefix_owt2_pqsh_b2mg3,_finalMG,wikisource,64,0,,28.65589396339296,3.1558232583570476,3.901467685584936,1000,0.6050011020056503,0.7878587245941162,results/benchgen_planner_prefix_owt2_pqsh_b2mg3/gens_wikisource_finalMG.metrics.json
cadence,+MaskGIT 对齐微调+精化（_finalMG）,benchgen_planner_prefix_owt2_pqsh_b2mg3,_finalMG,tinystories,64,0,,26.49049724531905,2.238523601733401,0.5697656461245866,1000,0.5597723425655619,0.8161458969116211,results/benchgen_planner_prefix_owt2_pqsh_b2mg3/gens_tinystories_finalMG.metrics.json
cadence,+MaskGIT 对齐微调+精化（_finalMG）,benchgen_planner_prefix_owt2_pqsh_b2mg3,_finalMG,lm1b,64,0,,8.827999362638174,0.38901685451478923,0.5894125246451878,1000,0.8653187778567276,0.8155292272567749,results/benchgen_planner_prefix_owt2_pqsh_b2mg3/gens_lm1b_finalMG.metrics.json
cadence,+MaskGIT 合并微调+精化（_finalB2）,benchgen_planner_prefix_owt2_pqsh_b2mgd,_finalB2,wikipedia,64,0,,22.809914569144247,2.473413268692953,12.427385224058582,1000,0.7034546262489292,0.7751362323760986,results/benchgen_planner_prefix_owt2_pqsh_b2mgd/gens_wikipedia_finalB2.metrics.json
cadence,+MaskGIT 合并微调+精化（_finalB2）,benchgen_planner_prefix_owt2_pqsh_b2mgd,_finalB2,wikisource,64,0,,28.603853411823586,3.2538428356604774,4.101589286626338,1000,0.6011791460458034,0.7878122329711914,results/benchgen_planner_prefix_owt2_pqsh_b2mgd/gens_wikisource_finalB2.metrics.json
cadence,+MaskGIT 合并微调+精化（_finalB2）,benchgen_planner_prefix_owt2_pqsh_b2mgd,_finalB2,tinystories,64,0,,26.50438879773416,2.2517002573006306,0.5535830491009074,1000,0.5532836150430538,0.8160700798034668,results/benchgen_planner_prefix_owt2_pqsh_b2mgd/gens_tinystories_finalB2.metrics.json
cadence,+MaskGIT 合并微调+精化（_finalB2）,benchgen_planner_prefix_owt2_pqsh_b2mgd,_finalB2,lm1b,64,0,,8.924051842680358,0.3089637669832601,0.5389007984644033,1000,0.8605387248885731,0.8152403831481934,results/benchgen_planner_prefix_owt2_pqsh_b2mgd/gens_lm1b_finalB2.metrics.json
cadence,+分阶段课程（_finalSQ）,benchgen_planner_prefix_owt2_pqsh_b2sq2,_finalSQ,wikipedia,64,0,,23.22192401316727,2.529829529911648,11.371653575774191,1000,0.7311426882523564,0.7757836580276489,results/benchgen_planner_prefix_owt2_pqsh_b2sq2/gens_wikipedia_finalSQ.metrics.json
cadence,+分阶段课程（_finalSQ）,benchgen_planner_prefix_owt2_pqsh_b2sq2,_finalSQ,wikisource,64,0,,28.80747077181723,3.269363258975834,6.138656545859922,1000,0.626164619607686,0.7869372367858887,results/benchgen_planner_prefix_owt2_pqsh_b2sq2/gens_wikisource_finalSQ.metrics.json
cadence,+分阶段课程（_finalSQ）,benchgen_planner_prefix_owt2_pqsh_b2sq2,_finalSQ,tinystories,64,0,,27.459225830111265,2.298137463943765,0.5605762872944715,1000,0.5918479994112308,0.8161113262176514,results/benchgen_planner_prefix_owt2_pqsh_b2sq2/gens_tinystories_finalSQ.metrics.json
cadence,+分阶段课程（_finalSQ）,benchgen_planner_prefix_owt2_pqsh_b2sq2,_finalSQ,lm1b,64,0,,8.748885935912394,0.2379787736880728,0.5753160886917751,1000,0.8684839480653704,0.8141658902168274,results/benchgen_planner_prefix_owt2_pqsh_b2sq2/gens_lm1b_finalSQ.metrics.json
cadence,位置轴采样器 MaskGIT（_finalPOS）,benchgen_planner_prefix_owt2_pqsh_b2sp,_finalPOS,wikipedia,22,48,跑在 b2sp 上，该臂实际训练模式是 sampler_mix 而非 sampler_pos（终章十一 §6.1）,23.306236786700286,2.372000740378095,11.105692977657647,1000,0.7540438092706246,0.7750049233436584,results/benchgen_planner_prefix_owt2_pqsh_b2sp/gens_wikipedia_finalPOS.metrics.json
cadence,位置轴采样器 MaskGIT（_finalPOS）,benchgen_planner_prefix_owt2_pqsh_b2sp,_finalPOS,wikisource,22,48,跑在 b2sp 上，该臂实际训练模式是 sampler_mix 而非 sampler_pos（终章十一 §6.1）,28.83303338149039,3.033052014998078,4.749269677208046,1000,0.658859123604961,0.7860044836997986,results/benchgen_planner_prefix_owt2_pqsh_b2sp/gens_wikisource_finalPOS.metrics.json
cadence,位置轴采样器 MaskGIT（_finalPOS）,benchgen_planner_prefix_owt2_pqsh_b2sp,_finalPOS,tinystories,22,48,跑在 b2sp 上，该臂实际训练模式是 sampler_mix 而非 sampler_pos（终章十一 §6.1）,27.225658265639545,2.22869870081478,0.5696480197180779,1000,0.6142334960626058,0.814845860004425,results/benchgen_planner_prefix_owt2_pqsh_b2sp/gens_tinystories_finalPOS.metrics.json
cadence,位置轴采样器 MaskGIT（_finalPOS）,benchgen_planner_prefix_owt2_pqsh_b2sp,_finalPOS,lm1b,22,48,跑在 b2sp 上，该臂实际训练模式是 sampler_mix 而非 sampler_pos（终章十一 §6.1）,8.573080221920277,0.26277447831881295,0.6200432411378863,1000,0.8889606614559783,0.8136645555496216,results/benchgen_planner_prefix_owt2_pqsh_b2sp/gens_lm1b_finalPOS.metrics.json
cadence,★段轴采样器 MaskGIT（_finalSEG，主行）,benchgen_planner_prefix_owt2_pqsh_b2sg,_finalSEG,wikipedia,22,88,,23.388143458927484,2.5051580676216774,11.961345453569084,1000,0.7354062600247468,0.7761208415031433,results/benchgen_planner_prefix_owt2_pqsh_b2sg/gens_wikipedia_finalSEG.metrics.json
cadence,★段轴采样器 MaskGIT（_finalSEG，主行）,benchgen_planner_prefix_owt2_pqsh_b2sg,_finalSEG,wikisource,22,88,,29.118077145769387,3.258499110845766,5.103056031875933,1000,0.6371496122943757,0.7868614792823792,results/benchgen_planner_prefix_owt2_pqsh_b2sg/gens_wikisource_finalSEG.metrics.json
cadence,★段轴采样器 MaskGIT（_finalSEG，主行）,benchgen_planner_prefix_owt2_pqsh_b2sg,_finalSEG,tinystories,22,88,,27.59843651442906,2.4167232618412395,0.5896241166013697,1000,0.5949145058018301,0.8156033754348755,results/benchgen_planner_prefix_owt2_pqsh_b2sg/gens_tinystories_finalSEG.metrics.json
cadence,★段轴采样器 MaskGIT（_finalSEG，主行）,benchgen_planner_prefix_owt2_pqsh_b2sg,_finalSEG,lm1b,22,88,,9.275648068931721,0.32921376406787156,0.6394828358013943,1000,0.8702926167560235,0.8138188719749451,results/benchgen_planner_prefix_owt2_pqsh_b2sg/gens_lm1b_finalSEG.metrics.json
cadence,（参考）final4：4.6B 非严格预算,benchgen_planner_prefix_owt2_pqsh_mgd,_final4,wikipedia,64,0,**不是严格 2B**，多花约 2.6B 微调 token，仅作规模参考,27.218657222455267,3.5635355957899946,11.830019887134334,1000,0.7226770261169928,0.784237265586853,results/benchgen_planner_prefix_owt2_pqsh_mgd/gens_wikipedia_final4.metrics.json
cadence,（参考）final4：4.6B 非严格预算,benchgen_planner_prefix_owt2_pqsh_mgd,_final4,wikisource,64,0,**不是严格 2B**，多花约 2.6B 微调 token，仅作规模参考,30.92914966206352,3.868804395175323,6.402766074092289,1000,0.6455799555190447,0.7919042110443115,results/benchgen_planner_prefix_owt2_pqsh_mgd/gens_wikisource_final4.metrics.json
cadence,（参考）final4：4.6B 非严格预算,benchgen_planner_prefix_owt2_pqsh_mgd,_final4,tinystories,64,0,**不是严格 2B**，多花约 2.6B 微调 token，仅作规模参考,30.473022778942,3.7398161586646115,0.600212409780302,1000,0.5766258616882958,0.8223563432693481,results/benchgen_planner_prefix_owt2_pqsh_mgd/gens_tinystories_final4.metrics.json
cadence,（参考）final4：4.6B 非严格预算,benchgen_planner_prefix_owt2_pqsh_mgd,_final4,lm1b,64,0,**不是严格 2B**，多花约 2.6B 微调 token，仅作规模参考,8.886042207188352,0.3571311419764742,0.599723061027255,1000,0.8919320457334797,0.8130610585212708,results/benchgen_planner_prefix_owt2_pqsh_mgd/gens_lm1b_final4.metrics.json
axis,段轴 seg:all:4（b2sg）,benchgen_planner_prefix_owt2_pqsh_b2sg,_finalSEG,wikipedia,22,88,depth 冻结,23.388143458927484,2.5051580676216774,11.961345453569084,1000,0.7354062600247468,0.7761208415031433,results/benchgen_planner_prefix_owt2_pqsh_b2sg/gens_wikipedia_finalSEG.metrics.json
axis,段轴 seg:all:4（b2sg）,benchgen_planner_prefix_owt2_pqsh_b2sg,_finalSEG,wikisource,22,88,depth 冻结,29.118077145769387,3.258499110845766,5.103056031875933,1000,0.6371496122943757,0.7868614792823792,results/benchgen_planner_prefix_owt2_pqsh_b2sg/gens_wikisource_finalSEG.metrics.json
axis,段轴 seg:all:4（b2sg）,benchgen_planner_prefix_owt2_pqsh_b2sg,_finalSEG,tinystories,22,88,depth 冻结,27.59843651442906,2.4167232618412395,0.5896241166013697,1000,0.5949145058018301,0.8156033754348755,results/benchgen_planner_prefix_owt2_pqsh_b2sg/gens_tinystories_finalSEG.metrics.json
axis,段轴 seg:all:4（b2sg）,benchgen_planner_prefix_owt2_pqsh_b2sg,_finalSEG,lm1b,22,88,depth 冻结,9.275648068931721,0.32921376406787156,0.6394828358013943,1000,0.8702926167560235,0.8138188719749451,results/benchgen_planner_prefix_owt2_pqsh_b2sg/gens_lm1b_finalSEG.metrics.json
axis,位置轴 pos:8（b2spf，纯 sampler_pos）,benchgen_planner_prefix_owt2_pqsh_b2spf,_finalPOSF,wikipedia,22,48,depth 冻结,23.060476420423324,2.2992301700206825,10.018332361395377,1000,0.7531312705582687,0.7748221158981323,results/benchgen_planner_prefix_owt2_pqsh_b2spf/gens_wikipedia_finalPOSF.metrics.json
axis,位置轴 pos:8（b2spf，纯 sampler_pos）,benchgen_planner_prefix_owt2_pqsh_b2spf,_finalPOSF,wikisource,22,48,depth 冻结,28.87775640365809,3.1080251772209575,2.663255635378953,1000,0.6548518303312028,0.7858342528343201,results/benchgen_planner_prefix_owt2_pqsh_b2spf/gens_wikisource_finalPOSF.metrics.json
axis,位置轴 pos:8（b2spf，纯 sampler_pos）,benchgen_planner_prefix_owt2_pqsh_b2spf,_finalPOSF,tinystories,22,48,depth 冻结,27.276788261396153,2.2648462126146818,0.5653219345025229,1000,0.613963643500233,0.8144941329956055,results/benchgen_planner_prefix_owt2_pqsh_b2spf/gens_tinystories_finalPOSF.metrics.json
axis,位置轴 pos:8（b2spf，纯 sampler_pos）,benchgen_planner_prefix_owt2_pqsh_b2spf,_finalPOSF,lm1b,22,48,depth 冻结,8.859173443458063,0.33937345663674157,0.5620898735106713,1000,0.8778502680705381,0.8141652345657349,results/benchgen_planner_prefix_owt2_pqsh_b2spf/gens_lm1b_finalPOSF.metrics.json
axis,chunk 轴 lr:8:1（b2slr3）,benchgen_planner_prefix_owt2_pqsh_b2slr3,_finalLR3,wikipedia,22,16,depth 冻结；C=8 由预注册规则在 sel 上选出，但该选择不可靠（两 sel 集 ρ=−0.90）,22.958982580324946,2.2685534079212966,9.342306503926503,1000,0.7459812082258678,0.7738187313079834,results/benchgen_planner_prefix_owt2_pqsh_b2slr3/gens_wikipedia_finalLR3.metrics.json
axis,chunk 轴 lr:8:1（b2slr3）,benchgen_planner_prefix_owt2_pqsh_b2slr3,_finalLR3,wikisource,22,16,depth 冻结；C=8 由预注册规则在 sel 上选出，但该选择不可靠（两 sel 集 ρ=−0.90）,29.162861195266082,3.012216565751507,4.374519362730377,1000,0.6489761365685548,0.7858437299728394,results/benchgen_planner_prefix_owt2_pqsh_b2slr3/gens_wikisource_finalLR3.metrics.json
axis,chunk 轴 lr:8:1（b2slr3）,benchgen_planner_prefix_owt2_pqsh_b2slr3,_finalLR3,tinystories,22,16,depth 冻结；C=8 由预注册规则在 sel 上选出，但该选择不可靠（两 sel 集 ρ=−0.90）,26.709146667368394,2.1693219478116257,0.5544746406136889,1000,0.5948286436228933,0.8134739995002747,results/benchgen_planner_prefix_owt2_pqsh_b2slr3/gens_tinystories_finalLR3.metrics.json
axis,chunk 轴 lr:8:1（b2slr3）,benchgen_planner_prefix_owt2_pqsh_b2slr3,_finalLR3,lm1b,22,16,depth 冻结；C=8 由预注册规则在 sel 上选出，但该选择不可靠（两 sel 集 ρ=−0.90）,8.78531260105587,0.22354612701555063,0.6013488799028733,1000,0.8666752793747174,0.8147629499435425,results/benchgen_planner_prefix_owt2_pqsh_b2slr3/gens_lm1b_finalLR3.metrics.json
axis,（旧）位置轴 pos:8（b2sp，sampler_mix）,benchgen_planner_prefix_owt2_pqsh_b2sp,_finalPOS,wikipedia,22,48,训练模式污染，见 §6.1；depth 可训。保留以对照,23.306236786700286,2.372000740378095,11.105692977657647,1000,0.7540438092706246,0.7750049233436584,results/benchgen_planner_prefix_owt2_pqsh_b2sp/gens_wikipedia_finalPOS.metrics.json
axis,（旧）位置轴 pos:8（b2sp，sampler_mix）,benchgen_planner_prefix_owt2_pqsh_b2sp,_finalPOS,wikisource,22,48,训练模式污染，见 §6.1；depth 可训。保留以对照,28.83303338149039,3.033052014998078,4.749269677208046,1000,0.658859123604961,0.7860044836997986,results/benchgen_planner_prefix_owt2_pqsh_b2sp/gens_wikisource_finalPOS.metrics.json
axis,（旧）位置轴 pos:8（b2sp，sampler_mix）,benchgen_planner_prefix_owt2_pqsh_b2sp,_finalPOS,tinystories,22,48,训练模式污染，见 §6.1；depth 可训。保留以对照,27.225658265639545,2.22869870081478,0.5696480197180779,1000,0.6142334960626058,0.814845860004425,results/benchgen_planner_prefix_owt2_pqsh_b2sp/gens_tinystories_finalPOS.metrics.json
axis,（旧）位置轴 pos:8（b2sp，sampler_mix）,benchgen_planner_prefix_owt2_pqsh_b2sp,_finalPOS,lm1b,22,48,训练模式污染，见 §6.1；depth 可训。保留以对照,8.573080221920277,0.26277447831881295,0.6200432411378863,1000,0.8889606614559783,0.8136645555496216,results/benchgen_planner_prefix_owt2_pqsh_b2sp/gens_lm1b_finalPOS.metrics.json
axis,（作废）chunk 轴 lr C16K4（b2sp）,benchgen_planner_prefix_owt2_pqsh_b2sp,_finalLR,wikipedia,22,128,**作废**：训练/推理不匹配（b2sp 从未训过 lr 揭示模式）,23.1219074532016,2.352247838807894,8.4467107695405,1000,0.7560551017696885,0.7752307057380676,results/benchgen_planner_prefix_owt2_pqsh_b2sp/gens_wikipedia_finalLR.metrics.json
axis,（作废）chunk 轴 lr C16K4（b2sp）,benchgen_planner_prefix_owt2_pqsh_b2sp,_finalLR,wikisource,22,128,**作废**：训练/推理不匹配（b2sp 从未训过 lr 揭示模式）,28.67460622084842,3.0501110202836497,3.6505537552134766,1000,0.6602967400669219,0.7859177589416504,results/benchgen_planner_prefix_owt2_pqsh_b2sp/gens_wikisource_finalLR.metrics.json
axis,（作废）chunk 轴 lr C16K4（b2sp）,benchgen_planner_prefix_owt2_pqsh_b2sp,_finalLR,tinystories,22,128,**作废**：训练/推理不匹配（b2sp 从未训过 lr 揭示模式）,27.21543188034715,2.2241136357242968,0.5795136823341053,1000,0.6120746755636238,0.8143656849861145,results/benchgen_planner_prefix_owt2_pqsh_b2sp/gens_tinystories_finalLR.metrics.json
axis,（作废）chunk 轴 lr C16K4（b2sp）,benchgen_planner_prefix_owt2_pqsh_b2sp,_finalLR,lm1b,22,128,**作废**：训练/推理不匹配（b2sp 从未训过 lr 揭示模式）,8.918323118988775,0.27953739305848513,0.5382888673525593,1000,0.8861184677992378,0.8136438131332397,results/benchgen_planner_prefix_owt2_pqsh_b2sp/gens_lm1b_finalLR.metrics.json
axis,（旧）严格位置 AR ar:8（b2sp）,benchgen_planner_prefix_owt2_pqsh_b2sp,_finalAR,wikipedia,22,0,单尺度 ar:8；sampler_causal 恰是 b2sp 训练的一半，故为匹配较好的一行,23.226776931002046,2.286191233942928,8.225147855755315,1000,0.7589064819396338,0.7751457691192627,results/benchgen_planner_prefix_owt2_pqsh_b2sp/gens_wikipedia_finalAR.metrics.json
axis,（旧）严格位置 AR ar:8（b2sp）,benchgen_planner_prefix_owt2_pqsh_b2sp,_finalAR,wikisource,22,0,单尺度 ar:8；sampler_causal 恰是 b2sp 训练的一半，故为匹配较好的一行,28.889368717980723,3.0446262576566436,3.2657514377763404,1000,0.6617093109459216,0.7857753038406372,results/benchgen_planner_prefix_owt2_pqsh_b2sp/gens_wikisource_finalAR.metrics.json
axis,（旧）严格位置 AR ar:8（b2sp）,benchgen_planner_prefix_owt2_pqsh_b2sp,_finalAR,tinystories,22,0,单尺度 ar:8；sampler_causal 恰是 b2sp 训练的一半，故为匹配较好的一行,27.11809545426223,2.261988966864221,0.6124288100279384,1000,0.6099894512180163,0.8148128986358643,results/benchgen_planner_prefix_owt2_pqsh_b2sp/gens_tinystories_finalAR.metrics.json
axis,（旧）严格位置 AR ar:8（b2sp）,benchgen_planner_prefix_owt2_pqsh_b2sp,_finalAR,lm1b,22,0,单尺度 ar:8；sampler_causal 恰是 b2sp 训练的一半，故为匹配较好的一行,8.462796404893282,0.25227136028124214,0.5131892013883635,1000,0.8785608164847232,0.813223123550415,results/benchgen_planner_prefix_owt2_pqsh_b2sp/gens_lm1b_finalAR.metrics.json
axis,"2D 赢家 lrseg C=8,K=1（b2s2d，_final2D）",benchgen_planner_prefix_owt2_pqsh_b2s2d,_final2D,wikipedia,22,48,depth 冻结；两 sel 集对 chunk 超参排序反相关，此格是主判据下的名义赢家,23.047632223538102,2.2800499096244624,9.072037856044595,1000,0.7518358857833952,0.7746384143829346,results/benchgen_planner_prefix_owt2_pqsh_b2s2d/gens_wikipedia_final2D.metrics.json
axis,"2D 赢家 lrseg C=8,K=1（b2s2d，_final2D）",benchgen_planner_prefix_owt2_pqsh_b2s2d,_final2D,wikisource,22,48,depth 冻结；两 sel 集对 chunk 超参排序反相关，此格是主判据下的名义赢家,28.855336161949374,3.060202391553159,2.9906701789894234,1000,0.6560039271474083,0.7857528328895569,results/benchgen_planner_prefix_owt2_pqsh_b2s2d/gens_wikisource_final2D.metrics.json
axis,"2D 赢家 lrseg C=8,K=1（b2s2d，_final2D）",benchgen_planner_prefix_owt2_pqsh_b2s2d,_final2D,tinystories,22,48,depth 冻结；两 sel 集对 chunk 超参排序反相关，此格是主判据下的名义赢家,26.978653239969564,2.1981553978898996,0.5523432104532402,1000,0.6118048230012512,0.8140567541122437,results/benchgen_planner_prefix_owt2_pqsh_b2s2d/gens_tinystories_final2D.metrics.json
axis,"2D 赢家 lrseg C=8,K=1（b2s2d，_final2D）",benchgen_planner_prefix_owt2_pqsh_b2s2d,_final2D,lm1b,22,48,depth 冻结；两 sel 集对 chunk 超参排序反相关，此格是主判据下的名义赢家,8.671937162919154,0.23130070643892076,0.5832762488317674,1000,0.8812738195207028,0.8141841888427734,results/benchgen_planner_prefix_owt2_pqsh_b2s2d/gens_lm1b_final2D.metrics.json
axis,"纯段轴@细尺度锚 lrseg C=1,K=4（b2s2d，_finalS24）",benchgen_planner_prefix_owt2_pqsh_b2s2d,_finalS24,wikipedia,22,24,"= seg:8,9,10:4 的同臂退化（逐比特等价有门禁测试）；24 采样器前向的注册数",23.10409472014955,2.3155341565475283,7.681221249040619,1000,0.746805810698759,0.7748730182647705,results/benchgen_planner_prefix_owt2_pqsh_b2s2d/gens_wikipedia_finalS24.metrics.json
axis,"纯段轴@细尺度锚 lrseg C=1,K=4（b2s2d，_finalS24）",benchgen_planner_prefix_owt2_pqsh_b2s2d,_finalS24,wikisource,22,24,"= seg:8,9,10:4 的同臂退化（逐比特等价有门禁测试）；24 采样器前向的注册数",29.131216388765697,3.1021872532726826,4.31014329792669,1000,0.6478090124025727,0.7858909368515015,results/benchgen_planner_prefix_owt2_pqsh_b2s2d/gens_wikisource_finalS24.metrics.json
axis,"纯段轴@细尺度锚 lrseg C=1,K=4（b2s2d，_finalS24）",benchgen_planner_prefix_owt2_pqsh_b2s2d,_finalS24,tinystories,22,24,"= seg:8,9,10:4 的同臂退化（逐比特等价有门禁测试）；24 采样器前向的注册数",27.210225361127797,2.250305133026481,0.592581766862365,1000,0.6037215121556313,0.8142915964126587,results/benchgen_planner_prefix_owt2_pqsh_b2s2d/gens_tinystories_finalS24.metrics.json
axis,"纯段轴@细尺度锚 lrseg C=1,K=4（b2s2d，_finalS24）",benchgen_planner_prefix_owt2_pqsh_b2s2d,_finalS24,lm1b,22,24,"= seg:8,9,10:4 的同臂退化（逐比特等价有门禁测试）；24 采样器前向的注册数",8.785225059569687,0.2800535655647129,0.5634995038634232,1000,0.8774626962082552,0.814139187335968,results/benchgen_planner_prefix_owt2_pqsh_b2s2d/gens_lm1b_finalS24.metrics.json
hmar,★α=0.25 插值全链（sg56a25，_finalSEGA25）,benchgen_planner_prefix_owt2_pqsh_sg56a25,_finalSEGA25,wikipedia,22,88,w∝token^0.25·lognormal^0.75；R1/R2 四集全涨、MAUVE 近平 —— token 与 lognormal 之间的新帕累托点；门控见 results/hmar_alpha/,24.98689388965008,2.9222623145488242,10.283618063809573,1000,0.7178027092772359,0.7781668901443481,results/benchgen_planner_prefix_owt2_pqsh_sg56a25/gens_wikipedia_finalSEGA25.metrics.json
hmar,★α=0.25 插值全链（sg56a25，_finalSEGA25）,benchgen_planner_prefix_owt2_pqsh_sg56a25,_finalSEGA25,wikisource,22,88,w∝token^0.25·lognormal^0.75；R1/R2 四集全涨、MAUVE 近平 —— token 与 lognormal 之间的新帕累托点；门控见 results/hmar_alpha/,30.39001981726023,3.413550387531856,4.655725112795861,1000,0.6240457632891864,0.7880074381828308,results/benchgen_planner_prefix_owt2_pqsh_sg56a25/gens_wikisource_finalSEGA25.metrics.json
hmar,★α=0.25 插值全链（sg56a25，_finalSEGA25）,benchgen_planner_prefix_owt2_pqsh_sg56a25,_finalSEGA25,tinystories,22,88,w∝token^0.25·lognormal^0.75；R1/R2 四集全涨、MAUVE 近平 —— token 与 lognormal 之间的新帕累托点；门控见 results/hmar_alpha/,29.25492082822794,2.709344716596764,0.5601605673651392,1000,0.5692907784019822,0.8179654479026794,results/benchgen_planner_prefix_owt2_pqsh_sg56a25/gens_tinystories_finalSEGA25.metrics.json
hmar,★α=0.25 插值全链（sg56a25，_finalSEGA25）,benchgen_planner_prefix_owt2_pqsh_sg56a25,_finalSEGA25,lm1b,22,88,w∝token^0.25·lognormal^0.75；R1/R2 四集全涨、MAUVE 近平 —— token 与 lognormal 之间的新帕累托点；门控见 results/hmar_alpha/,9.42597557451751,0.356154143714969,0.7455257379190958,1000,0.8451004457076416,0.8167649507522583,results/benchgen_planner_prefix_owt2_pqsh_sg56a25/gens_lm1b_finalSEGA25.metrics.json
hmar,波A token（hw76tk，单跑基座）,benchgen_planner_prefix_owt2_pqsh_hw76tk,_finalHWTK,wikipedia,22,0,非主线：无 MaskGIT，隔离用,24.233787574861342,2.547882796940966,8.190940435415024,1000,0.7420093729814419,0.7785359621047974,results/benchgen_planner_prefix_owt2_pqsh_hw76tk/gens_wikipedia_finalHWTK.metrics.json
hmar,波A token（hw76tk，单跑基座）,benchgen_planner_prefix_owt2_pqsh_hw76tk,_finalHWTK,wikisource,22,0,非主线：无 MaskGIT，隔离用,29.121209085205614,2.996007922153346,2.9131039803696415,1000,0.6694784507804203,0.7871230244636536,results/benchgen_planner_prefix_owt2_pqsh_hw76tk/gens_wikisource_finalHWTK.metrics.json
hmar,波A token（hw76tk，单跑基座）,benchgen_planner_prefix_owt2_pqsh_hw76tk,_finalHWTK,tinystories,22,0,非主线：无 MaskGIT，隔离用,26.729738196596582,2.126739485960698,0.5732431477804213,1000,0.662868287417511,0.8133772611618042,results/benchgen_planner_prefix_owt2_pqsh_hw76tk/gens_tinystories_finalHWTK.metrics.json
hmar,波A token（hw76tk，单跑基座）,benchgen_planner_prefix_owt2_pqsh_hw76tk,_finalHWTK,lm1b,22,0,非主线：无 MaskGIT，隔离用,8.850816676930043,0.3151573757586179,0.5547888890151538,1000,0.8779148633809185,0.8140779733657837,results/benchgen_planner_prefix_owt2_pqsh_hw76tk/gens_lm1b_finalHWTK.metrics.json
hmar,波A equal（hw76eq）,benchgen_planner_prefix_owt2_pqsh_hw76eq,_finalHWEQ,wikipedia,22,0,非主线,24.041637541491813,2.507355634820865,5.241208802728031,1000,0.6749737730602372,0.7715262174606323,results/benchgen_planner_prefix_owt2_pqsh_hw76eq/gens_wikipedia_finalHWEQ.metrics.json
hmar,波A equal（hw76eq）,benchgen_planner_prefix_owt2_pqsh_hw76eq,_finalHWEQ,wikisource,22,0,非主线,29.625544381749574,3.0878358427111747,2.3982669908725947,1000,0.6011541004628423,0.7831292748451233,results/benchgen_planner_prefix_owt2_pqsh_hw76eq/gens_wikisource_finalHWEQ.metrics.json
hmar,波A equal（hw76eq）,benchgen_planner_prefix_owt2_pqsh_hw76eq,_finalHWEQ,tinystories,22,0,非主线,27.016956017619513,2.101362131126218,0.5427755122992911,1000,0.5639673233079018,0.8118122816085815,results/benchgen_planner_prefix_owt2_pqsh_hw76eq/gens_tinystories_finalHWEQ.metrics.json
hmar,波A equal（hw76eq）,benchgen_planner_prefix_owt2_pqsh_hw76eq,_finalHWEQ,lm1b,22,0,非主线,9.407001628869576,0.33999702745803423,0.5838359356252285,1000,0.8160971513468123,0.8154687881469727,results/benchgen_planner_prefix_owt2_pqsh_hw76eq/gens_lm1b_finalHWEQ.metrics.json
hmar,波A lognormal（hw76ln）,benchgen_planner_prefix_owt2_pqsh_hw76ln,_finalHWLN,wikipedia,22,0,非主线,24.06176661841589,2.492445486773805,5.594598803325876,1000,0.6948787605308607,0.7743251919746399,results/benchgen_planner_prefix_owt2_pqsh_hw76ln/gens_wikipedia_finalHWLN.metrics.json
hmar,波A lognormal（hw76ln）,benchgen_planner_prefix_owt2_pqsh_hw76ln,_finalHWLN,wikisource,22,0,非主线,29.691784402987864,3.135963510001436,3.6141441631178663,1000,0.621025265984091,0.7846894860267639,results/benchgen_planner_prefix_owt2_pqsh_hw76ln/gens_wikisource_finalHWLN.metrics.json
hmar,波A lognormal（hw76ln）,benchgen_planner_prefix_owt2_pqsh_hw76ln,_finalHWLN,tinystories,22,0,非主线,27.147941383600234,2.138079370028576,0.57623214157844,1000,0.5932708583764689,0.8137325644493103,results/benchgen_planner_prefix_owt2_pqsh_hw76ln/gens_tinystories_finalHWLN.metrics.json
hmar,波A lognormal（hw76ln）,benchgen_planner_prefix_owt2_pqsh_hw76ln,_finalHWLN,lm1b,22,0,非主线,9.362839097854343,0.29148645336190854,0.6579291560795522,1000,0.8316646211485046,0.8158103227615356,results/benchgen_planner_prefix_owt2_pqsh_hw76ln/gens_lm1b_finalHWLN.metrics.json
hmar,波B lognormal 全链（sg56ln）,benchgen_planner_prefix_owt2_pqsh_sg56ln,_finalSEGHWLN,wikipedia,22,88,主线对照 = _finalSEG（token 加权）,25.01412894495447,2.7707898421646804,6.824822942823242,1000,0.6959461626207699,0.7756510376930237,results/benchgen_planner_prefix_owt2_pqsh_sg56ln/gens_wikipedia_finalSEGHWLN.metrics.json
hmar,波B lognormal 全链（sg56ln）,benchgen_planner_prefix_owt2_pqsh_sg56ln,_finalSEGHWLN,wikisource,22,88,主线对照 = _finalSEG（token 加权）,30.318031204104027,3.368496807145369,2.9942283493712876,1000,0.6127001142078583,0.7853872179985046,results/benchgen_planner_prefix_owt2_pqsh_sg56ln/gens_wikisource_finalSEGHWLN.metrics.json
hmar,波B lognormal 全链（sg56ln）,benchgen_planner_prefix_owt2_pqsh_sg56ln,_finalSEGHWLN,tinystories,22,88,主线对照 = _finalSEG（token 加权）,28.45566616509945,2.4147575416095837,0.5507349893057043,1000,0.5786988200083409,0.8145134449005127,results/benchgen_planner_prefix_owt2_pqsh_sg56ln/gens_tinystories_finalSEGHWLN.metrics.json
hmar,波B lognormal 全链（sg56ln）,benchgen_planner_prefix_owt2_pqsh_sg56ln,_finalSEGHWLN,lm1b,22,88,主线对照 = _finalSEG（token 加权）,9.485915430827268,0.4103343457007555,0.6193354663345298,1000,0.83379626639106,0.8143444657325745,results/benchgen_planner_prefix_owt2_pqsh_sg56ln/gens_lm1b_finalSEGHWLN.metrics.json
elf,ELF pre2（预训练 T5 enc + 重标 EMA，ODE64 CFG2）,benchgen_elf_owt2_t5_pre2,_finalELFP2,wikipedia,128,0,**外部预训练 encoder**（t5-small 35M，C4 ~1T token）提供嵌入空间——随机 encoder 消融在 MAUVE 地板，说明流畅性由进口知识贡献；不可与零外部权重的家族并列同读。NFE≈128+ backbone 前向（ODE64×CFG 双分支）vs 家族的 22/1024。截断协议与家族一致,28.35476786238597,5.062880663174356,26.891452597862585,1000,0.6950078296947226,0.7989723086357117,results/benchgen_elf_owt2_t5_pre2/gens_wikipedia_finalELFP2.metrics.json
elf,ELF pre2（预训练 T5 enc + 重标 EMA，ODE64 CFG2）,benchgen_elf_owt2_t5_pre2,_finalELFP2,wikisource,128,0,**外部预训练 encoder**（t5-small 35M，C4 ~1T token）提供嵌入空间——随机 encoder 消融在 MAUVE 地板，说明流畅性由进口知识贡献；不可与零外部权重的家族并列同读。NFE≈128+ backbone 前向（ODE64×CFG 双分支）vs 家族的 22/1024。截断协议与家族一致,31.27939245085331,5.247831760202891,13.21002073109288,1000,0.6275560690732087,0.8057869076728821,results/benchgen_elf_owt2_t5_pre2/gens_wikisource_finalELFP2.metrics.json
elf,ELF pre2（预训练 T5 enc + 重标 EMA，ODE64 CFG2）,benchgen_elf_owt2_t5_pre2,_finalELFP2,tinystories,128,0,**外部预训练 encoder**（t5-small 35M，C4 ~1T token）提供嵌入空间——随机 encoder 消融在 MAUVE 地板，说明流畅性由进口知识贡献；不可与零外部权重的家族并列同读。NFE≈128+ backbone 前向（ODE64×CFG 双分支）vs 家族的 22/1024。截断协议与家族一致,34.48704966195149,6.017501417166756,0.7288623502037498,1000,0.5531130090357718,0.8383380174636841,results/benchgen_elf_owt2_t5_pre2/gens_tinystories_finalELFP2.metrics.json
elf,ELF pre2（预训练 T5 enc + 重标 EMA，ODE64 CFG2）,benchgen_elf_owt2_t5_pre2,_finalELFP2,lm1b,128,0,**外部预训练 encoder**（t5-small 35M，C4 ~1T token）提供嵌入空间——随机 encoder 消融在 MAUVE 地板，说明流畅性由进口知识贡献；不可与零外部权重的家族并列同读。NFE≈128+ backbone 前向（ODE64×CFG 双分支）vs 家族的 22/1024。截断协议与家族一致,11.531464832642161,0.5924078676232928,0.5341797652435097,1000,0.8310251100181206,0.821376383304596,results/benchgen_elf_owt2_t5_pre2/gens_lm1b_finalELFP2.metrics.json
elf,ELF rnd（随机冻结 enc 消融，ODE64 CFG2）,benchgen_elf_owt2_t5_rnd,_finalELFRt,wikipedia,128,0,它们论文自己的消融变体；退化（MAUVE 地板），R1 属高频词面重合，不可与流畅系统并读,17.08918772543023,1.3476532593922244,0.7359111710764188,1000,0.8374220166142143,0.7501147389411926,results/benchgen_elf_owt2_t5_rnd/gens_wikipedia_finalELFRt.metrics.json
elf,ELF rnd（随机冻结 enc 消融，ODE64 CFG2）,benchgen_elf_owt2_t5_rnd,_finalELFRt,wikisource,128,0,它们论文自己的消融变体；退化（MAUVE 地板），R1 属高频词面重合，不可与流畅系统并读,23.47609114800993,1.8965753838559913,0.6194563677980065,1000,0.7398959629733713,0.7687103152275085,results/benchgen_elf_owt2_t5_rnd/gens_wikisource_finalELFRt.metrics.json
elf,ELF rnd（随机冻结 enc 消融，ODE64 CFG2）,benchgen_elf_owt2_t5_rnd,_finalELFRt,tinystories,128,0,它们论文自己的消融变体；退化（MAUVE 地板），R1 属高频词面重合，不可与流畅系统并读,24.069015247838692,1.666583607843555,0.5276867439679868,1000,0.6887471791881132,0.7994721531867981,results/benchgen_elf_owt2_t5_rnd/gens_tinystories_finalELFRt.metrics.json
elf,ELF rnd（随机冻结 enc 消融，ODE64 CFG2）,benchgen_elf_owt2_t5_rnd,_finalELFRt,lm1b,128,0,它们论文自己的消融变体；退化（MAUVE 地板），R1 属高频词面重合，不可与流畅系统并读,9.36470537587494,0.30697416530438154,0.45136736213120826,1000,0.7244264331002026,0.8099766969680786,results/benchgen_elf_owt2_t5_rnd/gens_lm1b_finalELFRt.metrics.json
baseline,BD3-LM 满预算,benchgen_bd3lm_owt2,_final,wikipedia,1024,0,,23.20717092171487,2.289998375493069,11.387397284611133,1000,0.7588074628314208,0.7857478857040405,results/benchgen_bd3lm_owt2/gens_wikipedia_final.metrics.json
baseline,BD3-LM 满预算,benchgen_bd3lm_owt2,_final,wikisource,1024,0,,27.527982618061607,2.6661824610586593,7.672875758769932,1000,0.7156899696965129,0.7945452928543091,results/benchgen_bd3lm_owt2/gens_wikisource_final.metrics.json
baseline,BD3-LM 满预算,benchgen_bd3lm_owt2,_final,tinystories,1024,0,,25.272945645642796,2.0896192237479267,0.6446604922039906,1000,0.7137768825458431,0.8215001225471497,results/benchgen_bd3lm_owt2/gens_tinystories_final.metrics.json
baseline,BD3-LM 满预算,benchgen_bd3lm_owt2,_final,lm1b,1024,0,,9.81617134197456,0.4095445422197511,0.48733048841109133,1000,0.8842452037982043,0.8208103179931641,results/benchgen_bd3lm_owt2/gens_lm1b_final.metrics.json
baseline,BD3-LM 限步 256（每块 4 步）,benchgen_bd3lm_owt2,_nfe4,wikipedia,256,0,block_size=16 被压到每块 1-4 步，属其设计区间外,18.161629374612268,0.9203380412346883,0.5747493745154272,1000,0.9185574834471749,0.7540916204452515,results/benchgen_bd3lm_owt2/gens_wikipedia_nfe4.metrics.json
baseline,BD3-LM 限步 256（每块 4 步）,benchgen_bd3lm_owt2,_nfe4,wikisource,256,0,block_size=16 被压到每块 1-4 步，属其设计区间外,23.514359633427368,1.2861778333279599,0.7011314215591773,1000,0.8929311029324978,0.7665858268737793,results/benchgen_bd3lm_owt2/gens_wikisource_nfe4.metrics.json
baseline,BD3-LM 限步 256（每块 4 步）,benchgen_bd3lm_owt2,_nfe4,tinystories,256,0,block_size=16 被压到每块 1-4 步，属其设计区间外,22.40744911414303,1.1186579293572914,0.5259709583468272,1000,0.8810616965305008,0.7937794327735901,results/benchgen_bd3lm_owt2/gens_tinystories_nfe4.metrics.json
baseline,BD3-LM 限步 256（每块 4 步）,benchgen_bd3lm_owt2,_nfe4,lm1b,256,0,block_size=16 被压到每块 1-4 步，属其设计区间外,9.48650759725744,0.2556835182651958,0.5394332664272062,1000,0.949034300109812,0.8083054423332214,results/benchgen_bd3lm_owt2/gens_lm1b_nfe4.metrics.json
baseline,BD3-LM 限步 128（每块 2 步）,benchgen_bd3lm_owt2,_nfe2,wikipedia,128,0,同上；限步曲线非单调,11.739159631827453,0.21323680072166087,0.4583610083549555,1000,0.9878289267097908,0.7205759882926941,results/benchgen_bd3lm_owt2/gens_wikipedia_nfe2.metrics.json
baseline,BD3-LM 限步 128（每块 2 步）,benchgen_bd3lm_owt2,_nfe2,wikisource,128,0,同上；限步曲线非单调,14.842027555062193,0.28855785486596414,0.4604352701621975,1000,0.9849264030645711,0.732853353023529,results/benchgen_bd3lm_owt2/gens_wikisource_nfe2.metrics.json
baseline,BD3-LM 限步 128（每块 2 步）,benchgen_bd3lm_owt2,_nfe2,tinystories,128,0,同上；限步曲线非单调,16.211250589761892,0.25025112662872184,0.4129979255999076,1000,0.9818583200367205,0.759982168674469,results/benchgen_bd3lm_owt2/gens_tinystories_nfe2.metrics.json
baseline,BD3-LM 限步 128（每块 2 步）,benchgen_bd3lm_owt2,_nfe2,lm1b,128,0,同上；限步曲线非单调,8.13487946983257,0.04606296759349011,0.4384002489944439,1000,0.9868889934781147,0.7799586057662964,results/benchgen_bd3lm_owt2/gens_lm1b_nfe2.metrics.json
baseline,BD3-LM 限步 64（每块 1 步）,benchgen_bd3lm_owt2,_nfe1,wikipedia,64,0,同上,16.05357056258238,0.3833399836413631,0.5753646736451858,1000,0.9412473317239353,0.7422478199005127,results/benchgen_bd3lm_owt2/gens_wikipedia_nfe1.metrics.json
baseline,BD3-LM 限步 64（每块 1 步）,benchgen_bd3lm_owt2,_nfe1,wikisource,64,0,同上,22.200970405196475,0.5759474600108765,0.6814107864379515,1000,0.9079096872585508,0.7556375861167908,results/benchgen_bd3lm_owt2/gens_wikisource_nfe1.metrics.json
baseline,BD3-LM 限步 64（每块 1 步）,benchgen_bd3lm_owt2,_nfe1,tinystories,64,0,同上,21.766314310029845,0.4227061226289746,0.40720962619612555,1000,0.8910168886920796,0.7819679379463196,results/benchgen_bd3lm_owt2/gens_tinystories_nfe1.metrics.json
baseline,BD3-LM 限步 64（每块 1 步）,benchgen_bd3lm_owt2,_nfe1,lm1b,64,0,同上,9.364217270992944,0.1479845052136653,0.49527778921623156,1000,0.9518118984561721,0.8055787086486816,results/benchgen_bd3lm_owt2/gens_lm1b_nfe1.metrics.json
baseline,AR（GPT-2 架构）,benchgen_ar_owt2,_final,wikipedia,1024,0,,20.99587635509583,2.3043875682309745,11.923855290817729,1000,0.71206520620245,0.7734766602516174,results/benchgen_ar_owt2/gens_wikipedia_final.metrics.json
baseline,AR（GPT-2 架构）,benchgen_ar_owt2,_final,wikisource,1024,0,,24.285460947178162,2.437274529933253,7.408058341253021,1000,0.6968533289757234,0.7798157930374146,results/benchgen_ar_owt2/gens_wikisource_final.metrics.json
baseline,AR（GPT-2 架构）,benchgen_ar_owt2,_final,tinystories,1024,0,,14.192103471656758,0.9808882652430531,0.5388194340962693,1000,0.8406010368290312,0.7719413042068481,results/benchgen_ar_owt2/gens_tinystories_final.metrics.json
baseline,AR（GPT-2 架构）,benchgen_ar_owt2,_final,lm1b,1024,0,,1.8888079127114412,0.04683887868493627,0.47015216903339696,1000,0.9027503526093089,0.7416121959686279,results/benchgen_ar_owt2/gens_lm1b_final.metrics.json
baseline,MDLM 满预算,benchgen_mdlm_owt2,_final,wikipedia,1024,0,,18.516424498261284,1.2490798423383793,7.840211706697703,1000,0.7238778513612951,0.7736939191818237,results/benchgen_mdlm_owt2/gens_wikipedia_final.metrics.json
baseline,MDLM 满预算,benchgen_mdlm_owt2,_final,wikisource,1024,0,,22.013126688651212,1.3633071156595398,3.5419582057567247,1000,0.7304899268780866,0.7815195918083191,results/benchgen_mdlm_owt2/gens_wikisource_final.metrics.json
baseline,MDLM 满预算,benchgen_mdlm_owt2,_final,tinystories,1024,0,,17.06572074029189,0.6682494643641044,0.5200040795331741,1000,0.7957219778459567,0.8042151927947998,results/benchgen_mdlm_owt2/gens_tinystories_final.metrics.json
baseline,MDLM 满预算,benchgen_mdlm_owt2,_final,lm1b,1024,0,,7.799807336666999,0.175675414958968,0.484046247631449,1000,0.8984092084842215,0.8150860667228699,results/benchgen_mdlm_owt2/gens_lm1b_final.metrics.json
baseline,MDLM 限步 64,benchgen_mdlm_owt2,_mdnfe64,wikipedia,64,0,,18.460388702799865,1.275627217996848,5.632018175866643,1000,0.73525757124189,0.7736303806304932,results/benchgen_mdlm_owt2/gens_wikipedia_mdnfe64.metrics.json
baseline,MDLM 限步 64,benchgen_mdlm_owt2,_mdnfe64,wikisource,64,0,,22.01184283628165,1.3673181952279707,3.134866099771859,1000,0.7407587499874678,0.7812301516532898,results/benchgen_mdlm_owt2/gens_wikisource_mdnfe64.metrics.json
baseline,MDLM 限步 64,benchgen_mdlm_owt2,_mdnfe64,tinystories,64,0,,17.210566699435486,0.677072097371924,0.5327288324856074,1000,0.8006999017681729,0.8036423921585083,results/benchgen_mdlm_owt2/gens_tinystories_mdnfe64.metrics.json
baseline,MDLM 限步 64,benchgen_mdlm_owt2,_mdnfe64,lm1b,64,0,,8.019207062689853,0.2119745945639196,0.527928711022231,1000,0.8931386484041866,0.8154826164245605,results/benchgen_mdlm_owt2/gens_lm1b_mdnfe64.metrics.json
baseline,MDLM 限步 22,benchgen_mdlm_owt2,_mdnfe22,wikipedia,22,0,,18.53479265482831,1.1926686884014275,4.611062204045873,1000,0.7606019089163715,0.7720828652381897,results/benchgen_mdlm_owt2/gens_wikipedia_mdnfe22.metrics.json
baseline,MDLM 限步 22,benchgen_mdlm_owt2,_mdnfe22,wikisource,22,0,,21.901868784677642,1.280916870369166,2.7857790549499266,1000,0.7668677838357921,0.7798528671264648,results/benchgen_mdlm_owt2/gens_wikisource_mdnfe22.metrics.json
baseline,MDLM 限步 22,benchgen_mdlm_owt2,_mdnfe22,tinystories,22,0,,16.92054531954696,0.5992353086547606,0.5267765340018715,1000,0.8220578131134668,0.8018577694892883,results/benchgen_mdlm_owt2/gens_tinystories_mdnfe22.metrics.json
baseline,MDLM 限步 22,benchgen_mdlm_owt2,_mdnfe22,lm1b,22,0,,7.892802357598375,0.1934554161446489,0.5212444882273953,1000,0.9055591467356173,0.8129294514656067,results/benchgen_mdlm_owt2/gens_lm1b_mdnfe22.metrics.json
degenerate,SSD-LM T=10,benchgen_ssdlm_owt2,_S10,wikipedia,410,0,退化：高频功能词汤，distinct-2 0.886、prompt bigram 复制率仅 6.8%，MAUVE 地板,24.20736630082392,3.235632606042735,0.49537929012867454,1000,0.3305019697782381,0.7524000406265259,results/benchgen_ssdlm_owt2/gens_wikipedia_S10.metrics.json
degenerate,SSD-LM T=10,benchgen_ssdlm_owt2,_S10,wikisource,410,0,退化：高频功能词汤，distinct-2 0.886、prompt bigram 复制率仅 6.8%，MAUVE 地板,29.674590464009032,3.8035889045240037,0.5651932076045144,1000,0.3209882137336938,0.7674221396446228,results/benchgen_ssdlm_owt2/gens_wikisource_S10.metrics.json
degenerate,SSD-LM T=10,benchgen_ssdlm_owt2,_S10,tinystories,410,0,退化：高频功能词汤，distinct-2 0.886、prompt bigram 复制率仅 6.8%，MAUVE 地板,29.640751364726718,2.7727167303181663,0.4737601301174745,1000,0.404214582898661,0.7986207604408264,results/benchgen_ssdlm_owt2/gens_tinystories_S10.metrics.json
degenerate,SSD-LM T=10,benchgen_ssdlm_owt2,_S10,lm1b,410,0,退化：高频功能词汤，distinct-2 0.886、prompt bigram 复制率仅 6.8%，MAUVE 地板,14.394692537327685,0.8525406328249175,0.49503177861476566,1000,0.6222437762689945,0.8160682916641235,results/benchgen_ssdlm_owt2/gens_lm1b_S10.metrics.json
degenerate,隐扩散 CADENCE-LDM 64 步,benchgen_ldiff_owt2_pqsh,_D64,wikipedia,64,0,退化：词沙拉 + token 复读,20.174622424134572,1.4898428337316778,0.5871980775845415,1000,0.5597630642227892,0.7413201928138733,results/benchgen_ldiff_owt2_pqsh/gens_wikipedia_D64.metrics.json
degenerate,隐扩散 CADENCE-LDM 64 步,benchgen_ldiff_owt2_pqsh,_D64,wikisource,64,0,退化：词沙拉 + token 复读,23.168398853338708,1.5548216515949909,0.4691257507847595,1000,0.5303051553827967,0.7522807121276855,results/benchgen_ldiff_owt2_pqsh/gens_wikisource_D64.metrics.json
degenerate,隐扩散 CADENCE-LDM 64 步,benchgen_ldiff_owt2_pqsh,_D64,tinystories,64,0,退化：词沙拉 + token 复读,19.1117208429173,0.49124962045388615,0.4242616993867721,1000,0.6173858646321418,0.7821164727210999,results/benchgen_ldiff_owt2_pqsh/gens_tinystories_D64.metrics.json
degenerate,隐扩散 CADENCE-LDM 64 步,benchgen_ldiff_owt2_pqsh,_D64,lm1b,64,0,退化：词沙拉 + token 复读,7.891703357209741,0.1171139473189597,0.5321443794200454,1000,0.7970415347845746,0.8020340800285339,results/benchgen_ldiff_owt2_pqsh/gens_lm1b_D64.metrics.json
degenerate,CMLM T=64,benchgen_cmlm_owt2,_T64,wikipedia,64,0,退化,11.552767667423208,1.6845036217335223,0.8780436392570546,1000,0.13839959430809368,0.7251136898994446,results/benchgen_cmlm_owt2/gens_wikipedia_T64.metrics.json
degenerate,CMLM T=64,benchgen_cmlm_owt2,_T64,wikisource,64,0,退化,12.454977592772067,2.140150688639709,0.7078232231652059,1000,0.13600597247639748,0.7309315204620361,results/benchgen_cmlm_owt2/gens_wikisource_T64.metrics.json
degenerate,CMLM T=64,benchgen_cmlm_owt2,_T64,tinystories,64,0,退化,14.184009791817939,1.7661373367724789,0.4820009943472982,1000,0.2129167760567078,0.7808027863502502,results/benchgen_cmlm_owt2/gens_tinystories_T64.metrics.json
degenerate,CMLM T=64,benchgen_cmlm_owt2,_T64,lm1b,64,0,退化,5.402053881097337,0.3370542017536353,0.5942569513942064,1000,0.40087614496216645,0.7779039144515991,results/benchgen_cmlm_owt2/gens_lm1b_T64.metrics.json
degenerate,CMLM T=22,benchgen_cmlm_owt2,_T22,wikipedia,22,0,退化,11.491856472143871,1.2736584959881552,0.548224966453751,1000,0.22807932076064524,0.7190680503845215,results/benchgen_cmlm_owt2/gens_wikipedia_T22.metrics.json
degenerate,CMLM T=22,benchgen_cmlm_owt2,_T22,wikisource,22,0,退化,12.893957933186295,1.559698409220539,0.6279529413317444,1000,0.2318607890822374,0.7287194728851318,results/benchgen_cmlm_owt2/gens_wikisource_T22.metrics.json
degenerate,CMLM T=22,benchgen_cmlm_owt2,_T22,tinystories,22,0,退化,15.460494909140971,1.118481645270161,0.4273801758019665,1000,0.44002955546172867,0.775111198425293,results/benchgen_cmlm_owt2/gens_tinystories_T22.metrics.json
degenerate,CMLM T=22,benchgen_cmlm_owt2,_T22,lm1b,22,0,退化,6.968603444201676,0.3609436607060712,0.5149921211143549,1000,0.5441023867173989,0.7856319546699524,results/benchgen_cmlm_owt2/gens_lm1b_T22.metrics.json
degenerate,CMLM T=10,benchgen_cmlm_owt2,_T10,wikipedia,10,0,退化,11.980175236284936,1.149770301178047,0.601085570642827,1000,0.31615429690291413,0.7211602330207825,results/benchgen_cmlm_owt2/gens_wikipedia_T10.metrics.json
degenerate,CMLM T=10,benchgen_cmlm_owt2,_T10,wikisource,10,0,退化,14.504329414028136,1.4288007751666258,0.6146895738310167,1000,0.3762492798637377,0.7288545370101929,results/benchgen_cmlm_owt2/gens_wikisource_T10.metrics.json
degenerate,CMLM T=10,benchgen_cmlm_owt2,_T10,tinystories,10,0,退化,16.56621757306431,0.7830802681737646,0.42016947952707806,1000,0.7202074536796036,0.7722392678260803,results/benchgen_cmlm_owt2/gens_tinystories_T10.metrics.json
degenerate,CMLM T=10,benchgen_cmlm_owt2,_T10,lm1b,10,0,退化,8.315423858221159,0.42972844577696867,0.4576055784106792,1000,0.6340987445521369,0.7912348508834839,results/benchgen_cmlm_owt2/gens_lm1b_T10.metrics.json
degenerate,CMLM T=4,benchgen_cmlm_owt2,_T4,wikipedia,4,0,退化,11.023816994206593,0.8814372562454577,0.5299080266330503,1000,0.2540326955250641,0.7152055501937866,results/benchgen_cmlm_owt2/gens_wikipedia_T4.metrics.json
degenerate,CMLM T=4,benchgen_cmlm_owt2,_T4,wikisource,4,0,退化,12.435160437056876,1.0417319991263174,0.5129228670395991,1000,0.2819401761251142,0.7202433943748474,results/benchgen_cmlm_owt2/gens_wikisource_T4.metrics.json
degenerate,CMLM T=4,benchgen_cmlm_owt2,_T4,tinystories,4,0,退化,17.67502529228513,0.8939479953371459,0.4123781059685501,1000,0.5318748431356145,0.7645233869552612,results/benchgen_cmlm_owt2/gens_tinystories_T4.metrics.json
degenerate,CMLM T=4,benchgen_cmlm_owt2,_T4,lm1b,4,0,退化,9.696917531430028,0.4020771285350445,0.4623677635697026,1000,0.7384416424183641,0.7965489625930786,results/benchgen_cmlm_owt2/gens_lm1b_T4.metrics.json
degenerate,"TextLDM 架构复现 w=7, 50 步",benchgen_textldm_dit_owt2,_finalTLDM,wikipedia,50,0,退化：高熵词碎片；DiT 精确 2.0002B，VAE 39.3B 单独披露,10.613860036327004,0.22883890476676164,0.42481613977056154,1000,0.8494665560196414,0.7215867042541504,results/benchgen_textldm_dit_owt2/gens_wikipedia_finalTLDM.metrics.json
degenerate,"TextLDM 架构复现 w=7, 50 步",benchgen_textldm_dit_owt2,_finalTLDM,wikisource,50,0,退化：高熵词碎片；DiT 精确 2.0002B，VAE 39.3B 单独披露,13.936101381793906,0.34449551883871826,0.4574158551459509,1000,0.8262096551862416,0.7285998463630676,results/benchgen_textldm_dit_owt2/gens_wikisource_finalTLDM.metrics.json
degenerate,"TextLDM 架构复现 w=7, 50 步",benchgen_textldm_dit_owt2,_finalTLDM,tinystories,50,0,退化：高熵词碎片；DiT 精确 2.0002B，VAE 39.3B 单独披露,11.347679614947136,0.1161575760671104,0.4123781059685501,1000,0.9265142408556779,0.7548617720603943,results/benchgen_textldm_dit_owt2/gens_tinystories_finalTLDM.metrics.json
degenerate,"TextLDM 架构复现 w=7, 50 步",benchgen_textldm_dit_owt2,_finalTLDM,lm1b,50,0,退化：高熵词碎片；DiT 精确 2.0002B，VAE 39.3B 单独披露,6.17738239026829,0.021249730661495363,0.4535258412585336,1000,0.9382468832762741,0.7848562002182007,results/benchgen_textldm_dit_owt2/gens_lm1b_finalTLDM.metrics.json
sel,纯 2D（lrseg2:all）NFE 阶梯（`b2s2f`，--chunks 32 臂） :: C=1 K=4（88，同臂对照=无 chunk 结构）,benchgen_planner_prefix_owt2_pqsh_b2s2f,_f88,sel_wikipedia,22,0,sel n=250,21.953852233938374,2.326211469104718,18.631271606733783,250,0.8026579391054249,0.7781007289886475,results/benchgen_planner_prefix_owt2_pqsh_b2s2f/gens_sel_wikipedia_f88.metrics.json
sel,纯 2D（lrseg2:all）NFE 阶梯（`b2s2f`，--chunks 32 臂） :: C=1 K=4（88，同臂对照=无 chunk 结构）,benchgen_planner_prefix_owt2_pqsh_b2s2f,_f88,sel_wikisource,22,0,sel n=250,28.03435986438142,3.572287133972549,8.299032992061301,250,0.7289366376822388,0.7861114144325256,results/benchgen_planner_prefix_owt2_pqsh_b2s2f/gens_sel_wikisource_f88.metrics.json
sel,纯 2D（lrseg2:all）NFE 阶梯（`b2s2f`，--chunks 32 臂） :: C=2 K=4（168）,benchgen_planner_prefix_owt2_pqsh_b2s2f,_f168,sel_wikipedia,22,0,sel n=250,21.98558450092101,2.4027067262225725,19.884121173308785,250,0.8036497074283447,0.7779173851013184,results/benchgen_planner_prefix_owt2_pqsh_b2s2f/gens_sel_wikipedia_f168.metrics.json
sel,纯 2D（lrseg2:all）NFE 阶梯（`b2s2f`，--chunks 32 臂） :: C=2 K=4（168）,benchgen_planner_prefix_owt2_pqsh_b2s2f,_f168,sel_wikisource,22,0,sel n=250,28.334285039145822,3.5858181978466788,8.612554500056216,250,0.7263112815834063,0.7860894799232483,results/benchgen_planner_prefix_owt2_pqsh_b2s2f/gens_sel_wikisource_f168.metrics.json
sel,纯 2D（lrseg2:all）NFE 阶梯（`b2s2f`，--chunks 32 臂） :: C=4 K=4（312）,benchgen_planner_prefix_owt2_pqsh_b2s2f,_f312,sel_wikipedia,22,0,sel n=250,22.10111612348277,2.3655968909542513,12.869100788927618,250,0.7986908658137459,0.7785405516624451,results/benchgen_planner_prefix_owt2_pqsh_b2s2f/gens_sel_wikipedia_f312.metrics.json
sel,纯 2D（lrseg2:all）NFE 阶梯（`b2s2f`，--chunks 32 臂） :: C=4 K=4（312）,benchgen_planner_prefix_owt2_pqsh_b2s2f,_f312,sel_wikisource,22,0,sel n=250,28.133607941766176,3.6149446162798844,36.483855203523525,250,0.7305565382538589,0.7863942980766296,results/benchgen_planner_prefix_owt2_pqsh_b2s2f/gens_sel_wikisource_f312.metrics.json
sel,纯 2D（lrseg2:all）NFE 阶梯（`b2s2f`，--chunks 32 臂） :: C=8 K=4（568，≈512 档）,benchgen_planner_prefix_owt2_pqsh_b2s2f,_f568,sel_wikipedia,22,0,sel n=250,22.214133504591967,2.399095969823013,15.841021124917015,250,0.7999206585341664,0.7779839038848877,results/benchgen_planner_prefix_owt2_pqsh_b2s2f/gens_sel_wikipedia_f568.metrics.json
sel,纯 2D（lrseg2:all）NFE 阶梯（`b2s2f`，--chunks 32 臂） :: C=8 K=4（568，≈512 档）,benchgen_planner_prefix_owt2_pqsh_b2s2f,_f568,sel_wikisource,22,0,sel n=250,28.28187207779224,3.506763701609094,15.1440950337058,250,0.7308172119090621,0.7865571975708008,results/benchgen_planner_prefix_owt2_pqsh_b2s2f/gens_sel_wikisource_f568.metrics.json
sel,纯 2D（lrseg2:all）NFE 阶梯（`b2s2f`，--chunks 32 臂） :: C=16 K=4（1016，≈1024 档）,benchgen_planner_prefix_owt2_pqsh_b2s2f,_f1016,sel_wikipedia,22,0,sel n=250,22.11340865576145,2.370873805376719,21.01160009854514,250,0.7978974511554101,0.7787027359008789,results/benchgen_planner_prefix_owt2_pqsh_b2s2f/gens_sel_wikipedia_f1016.metrics.json
sel,纯 2D（lrseg2:all）NFE 阶梯（`b2s2f`，--chunks 32 臂） :: C=16 K=4（1016，≈1024 档）,benchgen_planner_prefix_owt2_pqsh_b2s2f,_f1016,sel_wikisource,22,0,sel n=250,28.357044913957896,3.511310204398238,18.915326576473486,250,0.7306123968942596,0.7860642075538635,results/benchgen_planner_prefix_owt2_pqsh_b2s2f/gens_sel_wikisource_f1016.metrics.json
sel,修正后 2D（lrseg2，chunk 真条件）高 NFE 扫描（`b2s2e`） :: seg粗K4 + 2D细C2K2（88）,benchgen_planner_prefix_owt2_pqsh_b2s2e,_e88,sel_wikipedia,22,0,sel n=250,21.835031090710018,2.2023258844740847,13.518976724764576,250,0.810790439353367,0.7777622938156128,results/benchgen_planner_prefix_owt2_pqsh_b2s2e/gens_sel_wikipedia_e88.metrics.json
sel,修正后 2D（lrseg2，chunk 真条件）高 NFE 扫描（`b2s2e`） :: seg粗K4 + 2D细C2K2（88）,benchgen_planner_prefix_owt2_pqsh_b2s2e,_e88,sel_wikisource,22,0,sel n=250,28.14912547985284,3.4428144119819972,15.720259619697785,250,0.7401269853091775,0.7848475575447083,results/benchgen_planner_prefix_owt2_pqsh_b2s2e/gens_sel_wikisource_e88.metrics.json
sel,修正后 2D（lrseg2，chunk 真条件）高 NFE 扫描（`b2s2e`） :: seg粗K4 + 2D细C4K2（112）,benchgen_planner_prefix_owt2_pqsh_b2s2e,_e112,sel_wikipedia,22,0,sel n=250,21.761568188124464,2.230566275742664,11.300410712552978,250,0.8098185063969057,0.7783303260803223,results/benchgen_planner_prefix_owt2_pqsh_b2s2e/gens_sel_wikipedia_e112.metrics.json
sel,修正后 2D（lrseg2，chunk 真条件）高 NFE 扫描（`b2s2e`） :: seg粗K4 + 2D细C4K2（112）,benchgen_planner_prefix_owt2_pqsh_b2s2e,_e112,sel_wikisource,22,0,sel n=250,28.294778609695936,3.5309165145561567,15.064029643243465,250,0.7439626119500251,0.785483181476593,results/benchgen_planner_prefix_owt2_pqsh_b2s2e/gens_sel_wikisource_e112.metrics.json
sel,修正后 2D（lrseg2，chunk 真条件）高 NFE 扫描（`b2s2e`） :: seg粗K4 + 2D细C4K4（160）,benchgen_planner_prefix_owt2_pqsh_b2s2e,_e160a,sel_wikipedia,22,0,sel n=250,22.159577697485652,2.2509145703293614,13.387952175107726,250,0.8049588416145989,0.7787281274795532,results/benchgen_planner_prefix_owt2_pqsh_b2s2e/gens_sel_wikipedia_e160a.metrics.json
sel,修正后 2D（lrseg2，chunk 真条件）高 NFE 扫描（`b2s2e`） :: seg粗K4 + 2D细C4K4（160）,benchgen_planner_prefix_owt2_pqsh_b2s2e,_e160a,sel_wikisource,22,0,sel n=250,28.24786604865209,3.4434174748373696,16.767372031481774,250,0.7377809224123485,0.7858054041862488,results/benchgen_planner_prefix_owt2_pqsh_b2s2e/gens_sel_wikisource_e160a.metrics.json
sel,修正后 2D（lrseg2，chunk 真条件）高 NFE 扫描（`b2s2e`） :: seg粗K4 + 2D细C8K2（160）,benchgen_planner_prefix_owt2_pqsh_b2s2e,_e160b,sel_wikipedia,22,0,sel n=250,22.02082991887541,2.233386923986656,17.27029252314126,250,0.8113458296142021,0.7780421376228333,results/benchgen_planner_prefix_owt2_pqsh_b2s2e/gens_sel_wikipedia_e160b.metrics.json
sel,修正后 2D（lrseg2，chunk 真条件）高 NFE 扫描（`b2s2e`） :: seg粗K4 + 2D细C8K2（160）,benchgen_planner_prefix_owt2_pqsh_b2s2e,_e160b,sel_wikisource,22,0,sel n=250,28.003072544459833,3.546864194432753,17.248991090147577,250,0.7432364496248162,0.78584885597229,results/benchgen_planner_prefix_owt2_pqsh_b2s2e/gens_sel_wikisource_e160b.metrics.json
sel,修正后 2D（lrseg2，chunk 真条件）高 NFE 扫描（`b2s2e`） :: seg粗K4 + 2D细C8K4（256）,benchgen_planner_prefix_owt2_pqsh_b2s2e,_e256,sel_wikipedia,22,0,sel n=250,22.228640309249997,2.2915928729684643,13.603192935273182,250,0.8089457502727363,0.7782928347587585,results/benchgen_planner_prefix_owt2_pqsh_b2s2e/gens_sel_wikipedia_e256.metrics.json
sel,修正后 2D（lrseg2，chunk 真条件）高 NFE 扫描（`b2s2e`） :: seg粗K4 + 2D细C8K4（256）,benchgen_planner_prefix_owt2_pqsh_b2s2e,_e256,sel_wikisource,22,0,sel n=250,28.256041507519985,3.4168623566222007,18.760866831329924,250,0.7412441581171915,0.7857871055603027,results/benchgen_planner_prefix_owt2_pqsh_b2s2e/gens_sel_wikisource_e256.metrics.json
sel,修正后 2D（lrseg2，chunk 真条件）高 NFE 扫描（`b2s2e`） :: 对照 seg:all:4 同臂（88，细带 OOD——细带只训过 position 约定）,benchgen_planner_prefix_owt2_pqsh_b2s2e,_esegall,sel_wikipedia,22,0,sel n=250,22.22794809463613,2.254068025368141,14.173564871959954,250,0.8062878111673113,0.778690755367279,results/benchgen_planner_prefix_owt2_pqsh_b2s2e/gens_sel_wikipedia_esegall.metrics.json
sel,修正后 2D（lrseg2，chunk 真条件）高 NFE 扫描（`b2s2e`） :: 对照 seg:all:4 同臂（88，细带 OOD——细带只训过 position 约定）,benchgen_planner_prefix_owt2_pqsh_b2s2e,_esegall,sel_wikisource,22,0,sel n=250,28.16313621390455,3.4677504890236763,16.479352762980167,250,0.7376133464911464,0.7857319116592407,results/benchgen_planner_prefix_owt2_pqsh_b2s2e/gens_sel_wikisource_esegall.metrics.json
sel,修正后 2D（lrseg2，chunk 真条件）高 NFE 扫描（`b2s2e`） :: 分布内对照 lrseg2 C1K4 @细（88）,benchgen_planner_prefix_owt2_pqsh_b2s2e,_e88b,sel_wikipedia,22,0,sel n=250,22.072862386141338,2.243179428666111,15.38021724197497,250,0.8052167013785579,0.7783797979354858,results/benchgen_planner_prefix_owt2_pqsh_b2s2e/gens_sel_wikipedia_e88b.metrics.json
sel,修正后 2D（lrseg2，chunk 真条件）高 NFE 扫描（`b2s2e`） :: 分布内对照 lrseg2 C1K4 @细（88）,benchgen_planner_prefix_owt2_pqsh_b2s2e,_e88b,sel_wikisource,22,0,sel n=250,28.26034400788847,3.452760888912926,12.559747086115298,250,0.7391773884223658,0.785773754119873,results/benchgen_planner_prefix_owt2_pqsh_b2s2e/gens_sel_wikisource_e88b.metrics.json
sel,ELF（arXiv 2605.10938）sel 扫描 —— 原始权重（EMA 校准 bug 修正后） :: pre：ODE64 CFG2（未截断）,benchgen_elf_owt2_t5_pre,_rs64c2,sel_wikipedia,22,0,sel n=250,20.959751738967604,4.184198056170794,23.365345704181372,250,0.6921766206807075,0.7898651361465454,results/benchgen_elf_owt2_t5_pre/gens_sel_wikipedia_rs64c2.metrics.json
sel,ELF（arXiv 2605.10938）sel 扫描 —— 原始权重（EMA 校准 bug 修正后） :: pre：ODE64 CFG2（未截断）,benchgen_elf_owt2_t5_pre,_rs64c2,sel_wikisource,22,0,sel n=250,25.343634715609,5.492226457611231,44.499113597737036,250,0.6835852731150885,0.7981224656105042,results/benchgen_elf_owt2_t5_pre/gens_sel_wikisource_rs64c2.metrics.json
sel,ELF（arXiv 2605.10938）sel 扫描 —— 原始权重（EMA 校准 bug 修正后） :: pre：ODE64 CFG1（未截断）,benchgen_elf_owt2_t5_pre,_rs64c1,sel_wikipedia,22,0,sel n=250,18.934453108723705,3.0411091862931907,22.465089939058885,250,0.7458549680008174,0.7818639874458313,results/benchgen_elf_owt2_t5_pre/gens_sel_wikipedia_rs64c1.metrics.json
sel,ELF（arXiv 2605.10938）sel 扫描 —— 原始权重（EMA 校准 bug 修正后） :: pre：ODE64 CFG1（未截断）,benchgen_elf_owt2_t5_pre,_rs64c1,sel_wikisource,22,0,sel n=250,23.934978916344658,4.1438113425412375,45.69696996219713,250,0.7368,0.7894360423088074,results/benchgen_elf_owt2_t5_pre/gens_sel_wikisource_rs64c1.metrics.json
sel,ELF（arXiv 2605.10938）sel 扫描 —— 原始权重（EMA 校准 bug 修正后） :: pre：ODE32 CFG2（未截断）,benchgen_elf_owt2_t5_pre,_rs32c2,sel_wikipedia,22,0,sel n=250,20.971320219529215,3.910529805511952,28.408750160457867,250,0.7225637129636024,0.7883340716362,results/benchgen_elf_owt2_t5_pre/gens_sel_wikipedia_rs32c2.metrics.json
sel,ELF（arXiv 2605.10938）sel 扫描 —— 原始权重（EMA 校准 bug 修正后） :: pre：ODE32 CFG2（未截断）,benchgen_elf_owt2_t5_pre,_rs32c2,sel_wikisource,22,0,sel n=250,25.87677727660237,5.530572219909008,52.387444489633914,250,0.7015319793764899,0.7988464832305908,results/benchgen_elf_owt2_t5_pre/gens_sel_wikisource_rs32c2.metrics.json
sel,混合覆盖扫描（`b2s2dm`，粗带 seg + 细带 2D，全尺度覆盖） :: seg粗K2 + 2D细C2K1（44）,benchgen_planner_prefix_owt2_pqsh_b2s2dm,_m44,sel_wikipedia,22,0,sel n=250,21.772916508685036,2.0584931804952387,15.444767262562515,250,0.8250917385698701,0.7765358686447144,results/benchgen_planner_prefix_owt2_pqsh_b2s2dm/gens_sel_wikipedia_m44.metrics.json
sel,混合覆盖扫描（`b2s2dm`，粗带 seg + 细带 2D，全尺度覆盖） :: seg粗K2 + 2D细C2K1（44）,benchgen_planner_prefix_owt2_pqsh_b2s2dm,_m44,sel_wikisource,22,0,sel n=250,28.19812327201059,3.40687624240094,9.234453625692812,250,0.7569776751633865,0.7843174934387207,results/benchgen_planner_prefix_owt2_pqsh_b2s2dm/gens_sel_wikisource_m44.metrics.json
sel,混合覆盖扫描（`b2s2dm`，粗带 seg + 细带 2D，全尺度覆盖） :: seg粗K4 + 2D细C2K2（88，与主线 iso-NFE）,benchgen_planner_prefix_owt2_pqsh_b2s2dm,_m88,sel_wikipedia,22,0,sel n=250,21.841203588445783,2.1331729872543006,15.700096029091412,250,0.8158087870673411,0.7771722674369812,results/benchgen_planner_prefix_owt2_pqsh_b2s2dm/gens_sel_wikipedia_m88.metrics.json
sel,混合覆盖扫描（`b2s2dm`，粗带 seg + 细带 2D，全尺度覆盖） :: seg粗K4 + 2D细C2K2（88，与主线 iso-NFE）,benchgen_planner_prefix_owt2_pqsh_b2s2dm,_m88,sel_wikisource,22,0,sel n=250,28.310019424670514,3.581764582221493,17.83729851661466,250,0.7452845997728416,0.7849767208099365,results/benchgen_planner_prefix_owt2_pqsh_b2s2dm/gens_sel_wikisource_m88.metrics.json
sel,混合覆盖扫描（`b2s2dm`，粗带 seg + 细带 2D，全尺度覆盖） :: seg粗K4 + 2D细C4K2（112）,benchgen_planner_prefix_owt2_pqsh_b2s2dm,_m112,sel_wikipedia,22,0,sel n=250,21.860568174075834,2.0655162735319146,14.769111981385082,250,0.8179708420113062,0.7770143747329712,results/benchgen_planner_prefix_owt2_pqsh_b2s2dm/gens_sel_wikipedia_m112.metrics.json
sel,混合覆盖扫描（`b2s2dm`，粗带 seg + 细带 2D，全尺度覆盖） :: seg粗K4 + 2D细C4K2（112）,benchgen_planner_prefix_owt2_pqsh_b2s2dm,_m112,sel_wikisource,22,0,sel n=250,28.343680001697603,3.5020967598571833,17.139780690240496,250,0.7469975980784628,0.7852365970611572,results/benchgen_planner_prefix_owt2_pqsh_b2s2dm/gens_sel_wikisource_m112.metrics.json
sel,混合覆盖扫描（`b2s2dm`，粗带 seg + 细带 2D，全尺度覆盖） :: 对照 seg:all:4 同臂（88）,benchgen_planner_prefix_owt2_pqsh_b2s2dm,_msegall,sel_wikipedia,22,0,sel n=250,21.978791083945136,2.120007955807144,19.090415512903782,250,0.8158087870673411,0.7774569988250732,results/benchgen_planner_prefix_owt2_pqsh_b2s2dm/gens_sel_wikipedia_msegall.metrics.json
sel,混合覆盖扫描（`b2s2dm`，粗带 seg + 细带 2D，全尺度覆盖） :: 对照 seg:all:4 同臂（88）,benchgen_planner_prefix_owt2_pqsh_b2s2dm,_msegall,sel_wikisource,22,0,sel n=250,28.39500248575441,3.5643133904128903,31.106603652608978,250,0.7447818720092353,0.7852230668067932,results/benchgen_planner_prefix_owt2_pqsh_b2s2dm/gens_sel_wikisource_msegall.metrics.json
sel,"2D MaskGIT 扫描（`b2s2d`，lrseg:8,9,10:C:K，仅细尺度） :: C=2 K=4（48，mentor 组1：段原样/位置粗）",benchgen_planner_prefix_owt2_pqsh_b2s2d,_2dc2k4,sel_wikipedia,22,0,sel n=250,21.933776510843998,2.0719299836240506,11.65057941027412,250,0.8254289397996628,0.7759656310081482,results/benchgen_planner_prefix_owt2_pqsh_b2s2d/gens_sel_wikipedia_2dc2k4.metrics.json
sel,"2D MaskGIT 扫描（`b2s2d`，lrseg:8,9,10:C:K，仅细尺度） :: C=2 K=4（48，mentor 组1：段原样/位置粗）",benchgen_planner_prefix_owt2_pqsh_b2s2d,_2dc2k4,sel_wikisource,22,0,sel n=250,28.275722608473014,3.304395756419932,14.32451732653236,250,0.75403578676895,0.7844558358192444,results/benchgen_planner_prefix_owt2_pqsh_b2s2d/gens_sel_wikisource_2dc2k4.metrics.json
sel,"2D MaskGIT 扫描（`b2s2d`，lrseg:8,9,10:C:K，仅细尺度） :: C=8 K=1（48，组2：位置原粒度/段粗）",benchgen_planner_prefix_owt2_pqsh_b2s2d,_2dc8k1,sel_wikipedia,22,0,sel n=250,22.14281660388808,1.9926759582411544,15.613178567218105,250,0.8341763364078152,0.7766796946525574,results/benchgen_planner_prefix_owt2_pqsh_b2s2d/gens_sel_wikipedia_2dc8k1.metrics.json
sel,"2D MaskGIT 扫描（`b2s2d`，lrseg:8,9,10:C:K，仅细尺度） :: C=8 K=1（48，组2：位置原粒度/段粗）",benchgen_planner_prefix_owt2_pqsh_b2s2d,_2dc8k1,sel_wikisource,22,0,sel n=250,28.293043852825413,3.225589270829742,16.004165458908926,250,0.7606829649766325,0.7843353748321533,results/benchgen_planner_prefix_owt2_pqsh_b2s2d/gens_sel_wikisource_2dc8k1.metrics.json
sel,"2D MaskGIT 扫描（`b2s2d`，lrseg:8,9,10:C:K，仅细尺度） :: C=4 K=2（48，组3：双粗化）",benchgen_planner_prefix_owt2_pqsh_b2s2d,_2dc4k2,sel_wikipedia,22,0,sel n=250,21.981403519766136,1.9933201244515197,14.3202107690655,250,0.8278686898740454,0.7764018774032593,results/benchgen_planner_prefix_owt2_pqsh_b2s2d/gens_sel_wikipedia_2dc4k2.metrics.json
sel,"2D MaskGIT 扫描（`b2s2d`，lrseg:8,9,10:C:K，仅细尺度） :: C=4 K=2（48，组3：双粗化）",benchgen_planner_prefix_owt2_pqsh_b2s2d,_2dc4k2,sel_wikisource,22,0,sel n=250,28.48312423313284,3.2869200490918313,10.213864741929795,250,0.7566797624145828,0.7842833399772644,results/benchgen_planner_prefix_owt2_pqsh_b2s2d/gens_sel_wikisource_2dc4k2.metrics.json
sel,"2D MaskGIT 扫描（`b2s2d`，lrseg:8,9,10:C:K，仅细尺度） :: C=2 K=2（24）",benchgen_planner_prefix_owt2_pqsh_b2s2d,_2dc2k2,sel_wikipedia,22,0,sel n=250,22.085371889843245,2.019318905641275,9.98419817805877,250,0.829098482594466,0.7765675783157349,results/benchgen_planner_prefix_owt2_pqsh_b2s2d/gens_sel_wikipedia_2dc2k2.metrics.json
sel,"2D MaskGIT 扫描（`b2s2d`，lrseg:8,9,10:C:K，仅细尺度） :: C=2 K=2（24）",benchgen_planner_prefix_owt2_pqsh_b2s2d,_2dc2k2,sel_wikisource,22,0,sel n=250,28.494199032971807,3.3299901133300023,19.154386379737947,250,0.7571824901781891,0.7845003604888916,results/benchgen_planner_prefix_owt2_pqsh_b2s2d/gens_sel_wikisource_2dc2k2.metrics.json
sel,"2D MaskGIT 扫描（`b2s2d`，lrseg:8,9,10:C:K，仅细尺度） :: C=4 K=1（24）",benchgen_planner_prefix_owt2_pqsh_b2s2d,_2dc4k1,sel_wikipedia,22,0,sel n=250,22.057226878259577,2.002609939133402,11.284030309731891,250,0.8319349399980165,0.7768126130104065,results/benchgen_planner_prefix_owt2_pqsh_b2s2d/gens_sel_wikipedia_2dc4k1.metrics.json
sel,"2D MaskGIT 扫描（`b2s2d`，lrseg:8,9,10:C:K，仅细尺度） :: C=4 K=1（24）",benchgen_planner_prefix_owt2_pqsh_b2s2d,_2dc4k1,sel_wikisource,22,0,sel n=250,28.336410989276978,3.2667485588723295,13.484851977485471,250,0.762824212858659,0.7843316793441772,results/benchgen_planner_prefix_owt2_pqsh_b2s2d/gens_sel_wikisource_2dc4k1.metrics.json
sel,"2D MaskGIT 扫描（`b2s2d`，lrseg:8,9,10:C:K，仅细尺度） :: 锚 C=1 K=4 = 纯段轴（24）",benchgen_planner_prefix_owt2_pqsh_b2s2d,_2dc1k4,sel_wikipedia,22,0,sel n=250,21.981432735057595,2.021765550701373,13.591622768959413,250,0.8255479519984131,0.7764267325401306,results/benchgen_planner_prefix_owt2_pqsh_b2s2d/gens_sel_wikipedia_2dc1k4.metrics.json
sel,"2D MaskGIT 扫描（`b2s2d`，lrseg:8,9,10:C:K，仅细尺度） :: 锚 C=1 K=4 = 纯段轴（24）",benchgen_planner_prefix_owt2_pqsh_b2s2d,_2dc1k4,sel_wikisource,22,0,sel n=250,28.191133535103884,3.330016335564408,12.940187218439881,250,0.7539799281285493,0.7843523025512695,results/benchgen_planner_prefix_owt2_pqsh_b2s2d/gens_sel_wikisource_2dc1k4.metrics.json
sel,"采样器尺度覆盖曲线（`b2sg` 同 checkpoint，seg K=4，只改尺度集） :: {8,9,10} 细尺度-only（24）",benchgen_planner_prefix_owt2_pqsh_b2sg,_segfine,sel_wikipedia,22,0,sel n=250,22.139944792833237,2.108857098228141,13.898485137298497,250,0.826896756917584,0.776597261428833,results/benchgen_planner_prefix_owt2_pqsh_b2sg/gens_sel_wikipedia_segfine.metrics.json
sel,"采样器尺度覆盖曲线（`b2sg` 同 checkpoint，seg K=4，只改尺度集） :: {8,9,10} 细尺度-only（24）",benchgen_planner_prefix_owt2_pqsh_b2sg,_segfine,sel_wikisource,22,0,sel n=250,28.154850291958876,3.360654909790957,18.42189563935279,250,0.7592678794198149,0.784984827041626,results/benchgen_planner_prefix_owt2_pqsh_b2sg/gens_sel_wikisource_segfine.metrics.json
sel,采样器尺度覆盖曲线（`b2sg` 同 checkpoint，seg K=4，只改尺度集） :: {0..7} 粗尺度-only（64）,benchgen_planner_prefix_owt2_pqsh_b2sg,_sgcoarse,sel_wikipedia,22,0,sel n=250,21.93653206786509,2.1219425508442336,11.97483815053576,250,0.8192403054646434,0.7773329615592957,results/benchgen_planner_prefix_owt2_pqsh_b2sg/gens_sel_wikipedia_sgcoarse.metrics.json
sel,采样器尺度覆盖曲线（`b2sg` 同 checkpoint，seg K=4，只改尺度集） :: {0..7} 粗尺度-only（64）,benchgen_planner_prefix_owt2_pqsh_b2sg,_sgcoarse,sel_wikisource,22,0,sel n=250,28.53339935930429,3.525255634748353,19.114478617707697,250,0.7521924516357272,0.7855724692344666,results/benchgen_planner_prefix_owt2_pqsh_b2sg/gens_sel_wikisource_sgcoarse.metrics.json
sel,采样器尺度覆盖曲线（`b2sg` 同 checkpoint，seg K=4，只改尺度集） :: {0..9} 全部除 q1024（80）,benchgen_planner_prefix_owt2_pqsh_b2sg,_sgno1024,sel_wikipedia,22,0,sel n=250,22.116154923566288,2.2091700567876855,15.618692912358572,250,0.8136665674898343,0.7774820327758789,results/benchgen_planner_prefix_owt2_pqsh_b2sg/gens_sel_wikipedia_sgno1024.metrics.json
sel,采样器尺度覆盖曲线（`b2sg` 同 checkpoint，seg K=4，只改尺度集） :: {0..9} 全部除 q1024（80）,benchgen_planner_prefix_owt2_pqsh_b2sg,_sgno1024,sel_wikisource,22,0,sel n=250,28.635743247951517,3.5896757989630093,25.93749914081448,250,0.7415048317723947,0.7860870957374573,results/benchgen_planner_prefix_owt2_pqsh_b2sg/gens_sel_wikisource_sgno1024.metrics.json
sel,采样器尺度覆盖曲线（`b2sg` 同 checkpoint，seg K=4，只改尺度集） :: {0..10} 全尺度（88，主线）,benchgen_planner_prefix_owt2_pqsh_b2sg,_sgseg,sel_wikipedia,22,0,sel n=250,22.329669803265777,2.325970675285023,22.89222583493389,250,0.8169790736883864,0.7778595685958862,results/benchgen_planner_prefix_owt2_pqsh_b2sg/gens_sel_wikipedia_sgseg.metrics.json
sel,采样器尺度覆盖曲线（`b2sg` 同 checkpoint，seg K=4，只改尺度集） :: {0..10} 全尺度（88，主线）,benchgen_planner_prefix_owt2_pqsh_b2sg,_sgseg,sel_wikisource,22,0,sel n=250,28.62151126788488,3.6476415510544182,20.415108826753002,250,0.7408717671811869,0.7855092287063599,results/benchgen_planner_prefix_owt2_pqsh_b2sg/gens_sel_wikisource_sgseg.metrics.json
sel,采样器尺度覆盖曲线（`b2sg` 同 checkpoint，seg K=4，只改尺度集） :: 无采样器（0）,benchgen_planner_prefix_owt2_pqsh_b2sg,_sgplain,sel_wikipedia,22,0,sel n=250,21.885521608386135,2.051846543525232,7.160815594419959,250,0.836378062084697,0.7760580778121948,results/benchgen_planner_prefix_owt2_pqsh_b2sg/gens_sel_wikipedia_sgplain.metrics.json
sel,采样器尺度覆盖曲线（`b2sg` 同 checkpoint，seg K=4，只改尺度集） :: 无采样器（0）,benchgen_planner_prefix_owt2_pqsh_b2sg,_sgplain,sel_wikisource,22,0,sel n=250,27.835087995836293,3.211385641295139,11.40505455205263,250,0.7696575865343438,0.7834182381629944,results/benchgen_planner_prefix_owt2_pqsh_b2sg/gens_sel_wikisource_sgplain.metrics.json
sel,段轴 K 曲线（`b2sg`，唯一变量 = 每尺度承诺轮数） :: 段并行（K=1 等价，走 plain 读出）,benchgen_planner_prefix_owt2_pqsh_b2sg,_sgplain,sel_wikipedia,22,0,sel n=250,21.885521608386135,2.051846543525232,7.160815594419959,250,0.836378062084697,0.7760580778121948,results/benchgen_planner_prefix_owt2_pqsh_b2sg/gens_sel_wikipedia_sgplain.metrics.json
sel,段轴 K 曲线（`b2sg`，唯一变量 = 每尺度承诺轮数） :: 段并行（K=1 等价，走 plain 读出）,benchgen_planner_prefix_owt2_pqsh_b2sg,_sgplain,sel_wikisource,22,0,sel n=250,27.835087995836293,3.211385641295139,11.40505455205263,250,0.7696575865343438,0.7834182381629944,results/benchgen_planner_prefix_owt2_pqsh_b2sg/gens_sel_wikisource_sgplain.metrics.json
sel,段轴 K 曲线（`b2sg`，唯一变量 = 每尺度承诺轮数） :: 段 MaskGIT K=2,benchgen_planner_prefix_owt2_pqsh_b2sg,_sgk2,sel_wikipedia,22,0,sel n=250,21.928349328887652,2.234117659672458,15.582494600146168,250,0.8242784885450759,0.777143657207489,results/benchgen_planner_prefix_owt2_pqsh_b2sg/gens_sel_wikipedia_sgk2.metrics.json
sel,段轴 K 曲线（`b2sg`，唯一变量 = 每尺度承诺轮数） :: 段 MaskGIT K=2,benchgen_planner_prefix_owt2_pqsh_b2sg,_sgk2,sel_wikisource,22,0,sel n=250,28.603605448203638,3.393802609975653,10.952071961504304,250,0.7534585808181429,0.7847163081169128,results/benchgen_planner_prefix_owt2_pqsh_b2sg/gens_sel_wikisource_sgk2.metrics.json
sel,段轴 K 曲线（`b2sg`，唯一变量 = 每尺度承诺轮数） :: 段 MaskGIT K=3,benchgen_planner_prefix_owt2_pqsh_b2sg,_sgk3,sel_wikipedia,22,0,sel n=250,21.992531288042553,2.31469457821067,16.24992432200589,250,0.8239016165823664,0.7778254151344299,results/benchgen_planner_prefix_owt2_pqsh_b2sg/gens_sel_wikipedia_sgk3.metrics.json
sel,段轴 K 曲线（`b2sg`，唯一变量 = 每尺度承诺轮数） :: 段 MaskGIT K=3,benchgen_planner_prefix_owt2_pqsh_b2sg,_sgk3,sel_wikisource,22,0,sel n=250,28.29618314285376,3.3656098892835753,9.107702056319125,250,0.7488967918520864,0.7845473885536194,results/benchgen_planner_prefix_owt2_pqsh_b2sg/gens_sel_wikisource_sgk3.metrics.json
sel,段轴 K 曲线（`b2sg`，唯一变量 = 每尺度承诺轮数） :: 段 MaskGIT K=4 = S（完全顺序化）,benchgen_planner_prefix_owt2_pqsh_b2sg,_sgseg,sel_wikipedia,22,0,sel n=250,22.329669803265777,2.325970675285023,22.89222583493389,250,0.8169790736883864,0.7778595685958862,results/benchgen_planner_prefix_owt2_pqsh_b2sg/gens_sel_wikipedia_sgseg.metrics.json
sel,段轴 K 曲线（`b2sg`，唯一变量 = 每尺度承诺轮数） :: 段 MaskGIT K=4 = S（完全顺序化）,benchgen_planner_prefix_owt2_pqsh_b2sg,_sgseg,sel_wikisource,22,0,sel n=250,28.62151126788488,3.6476415510544182,20.415108826753002,250,0.7408717671811869,0.7855092287063599,results/benchgen_planner_prefix_owt2_pqsh_b2sg/gens_sel_wikisource_sgseg.metrics.json
sel,chunk 数扫描（`b2slr3`，K=1，唯一变量 = chunk 数 C） :: lr C=2 K=1,benchgen_planner_prefix_owt2_pqsh_b2slr3,_sw2k1,sel_wikipedia,22,0,sel n=250,21.899212450618126,2.0372487882090056,16.864981838525132,250,0.8262620251909154,0.7764105796813965,results/benchgen_planner_prefix_owt2_pqsh_b2slr3/gens_sel_wikipedia_sw2k1.metrics.json
sel,chunk 数扫描（`b2slr3`，K=1，唯一变量 = chunk 数 C） :: lr C=2 K=1,benchgen_planner_prefix_owt2_pqsh_b2slr3,_sw2k1,sel_wikisource,22,0,sel n=250,28.024058120349466,3.148408934045917,14.615426418059435,250,0.7562515128381775,0.783772349357605,results/benchgen_planner_prefix_owt2_pqsh_b2slr3/gens_sel_wikisource_sw2k1.metrics.json
sel,chunk 数扫描（`b2slr3`，K=1，唯一变量 = chunk 数 C） :: lr C=4 K=1,benchgen_planner_prefix_owt2_pqsh_b2slr3,_sw4k1,sel_wikipedia,22,0,sel n=250,21.71121902911454,2.0248210479185955,9.347037088235407,250,0.823028860458197,0.776358425617218,results/benchgen_planner_prefix_owt2_pqsh_b2slr3/gens_sel_wikipedia_sw4k1.metrics.json
sel,chunk 数扫描（`b2slr3`，K=1，唯一变量 = chunk 数 C） :: lr C=4 K=1,benchgen_planner_prefix_owt2_pqsh_b2slr3,_sw4k1,sel_wikisource,22,0,sel n=250,28.109877182302974,3.1448969881093842,22.396840982381253,250,0.7580762284246001,0.7838191986083984,results/benchgen_planner_prefix_owt2_pqsh_b2slr3/gens_sel_wikisource_sw4k1.metrics.json
sel,chunk 数扫描（`b2slr3`，K=1，唯一变量 = chunk 数 C） :: lr C=8 K=1,benchgen_planner_prefix_owt2_pqsh_b2slr3,_sw8k1,sel_wikipedia,22,0,sel n=250,21.88148388148001,2.006490136326742,21.882904733766026,250,0.8264603788554994,0.7761442065238953,results/benchgen_planner_prefix_owt2_pqsh_b2slr3/gens_sel_wikipedia_sw8k1.metrics.json
sel,chunk 数扫描（`b2slr3`，K=1，唯一变量 = chunk 数 C） :: lr C=8 K=1,benchgen_planner_prefix_owt2_pqsh_b2slr3,_sw8k1,sel_wikisource,22,0,sel n=250,28.21088931295715,3.2675551682282222,9.757047433498824,250,0.7566425233209824,0.7838385105133057,results/benchgen_planner_prefix_owt2_pqsh_b2slr3/gens_sel_wikisource_sw8k1.metrics.json
sel,chunk 数扫描（`b2slr3`，K=1，唯一变量 = chunk 数 C） :: lr C=16 K=1,benchgen_planner_prefix_owt2_pqsh_b2slr3,_sw16k1,sel_wikipedia,22,0,sel n=250,21.759413053805194,1.9958188076344314,16.216005558454043,250,0.8265198849548745,0.7765178084373474,results/benchgen_planner_prefix_owt2_pqsh_b2slr3/gens_sel_wikipedia_sw16k1.metrics.json
sel,chunk 数扫描（`b2slr3`，K=1，唯一变量 = chunk 数 C） :: lr C=16 K=1,benchgen_planner_prefix_owt2_pqsh_b2slr3,_sw16k1,sel_wikisource,22,0,sel n=250,28.290342491751247,3.3209082508098944,12.404520813097145,250,0.7569590556165863,0.7840145230293274,results/benchgen_planner_prefix_owt2_pqsh_b2slr3/gens_sel_wikisource_sw16k1.metrics.json
sel,chunk 数扫描（`b2slr3`，K=1，唯一变量 = chunk 数 C） :: lr C=16 K=4,benchgen_planner_prefix_owt2_pqsh_b2slr3,_lr3,sel_wikipedia,22,0,sel n=250,21.934584414942165,2.096697709880409,10.553472578966993,250,0.8220370921352772,0.7763429880142212,results/benchgen_planner_prefix_owt2_pqsh_b2slr3/gens_sel_wikipedia_lr3.metrics.json
sel,chunk 数扫描（`b2slr3`，K=1，唯一变量 = chunk 数 C） :: lr C=16 K=4,benchgen_planner_prefix_owt2_pqsh_b2slr3,_lr3,sel_wikisource,22,0,sel n=250,28.066021335743734,3.25562828309209,15.167938359500537,250,0.7567356210549835,0.7841132879257202,results/benchgen_planner_prefix_owt2_pqsh_b2slr3/gens_sel_wikisource_lr3.metrics.json
sel,位置轴对照（`b2spf`，纯 sampler_pos + depth 冻结） :: pos K=8,benchgen_planner_prefix_owt2_pqsh_b2spf,_posf,sel_wikipedia,22,0,sel n=250,22.15239700648918,2.126454514229493,18.350174423875618,250,0.8290786472280075,0.7773091793060303,results/benchgen_planner_prefix_owt2_pqsh_b2spf/gens_sel_wikipedia_posf.metrics.json
sel,位置轴对照（`b2spf`，纯 sampler_pos + depth 冻结） :: pos K=8,benchgen_planner_prefix_owt2_pqsh_b2spf,_posf,sel_wikisource,22,0,sel n=250,28.14186408945838,3.257690601899831,12.936499082339509,250,0.766455024484704,0.7845864295959473,results/benchgen_planner_prefix_owt2_pqsh_b2spf/gens_sel_wikisource_posf.metrics.json
